{"yield": "serves 3-4", "nutritionEstimates": [{"attribute": "FAT_KCAL", "description": null, "value": 260.0, "unit": {"id": "fea252f8-9888-4365-b005-e2c63ed3a776", "name": "calorie", "abbreviation": "kcal", "plural": "calories", "pluralAbbreviation": "kcal", "decimal": true}}, {"attribute": "LACS", "description": "Lactose", "value": 0.33, "unit": {"id": "12485d26-6e69-102c-9a8a-0030485841f8", "name": "gram", "abbreviation": "g", "plural": "grams", "pluralAbbreviation": "grams", "decimal": true}}, {"attribute": "NA", "description": "Sodium, Na", "value": 1.19, "unit": {"id": "12485d26-6e69-102c-9a8a-0030485841f8", "name": "gram", "abbreviation": "g", "plural": "grams", "pluralAbbreviation": "grams", "decimal": true}}, {"attribute": "MALS", "description": "Maltose", "value": 1.3, "unit": {"id": "12485d26-6e69-102c-9a8a-0030485841f8", "name": "gram", "abbreviation": "g", "plural": "grams", "pluralAbbreviation": "grams", "decimal": true}}, {"attribute": "ZN", "description": "Zinc, Zn", "value": 0.0, "unit": {"id": "12485d26-6e69-102c-9a8a-0030485841f8", "name": "gram", "abbreviation": "g", "plural": "grams", "pluralAbbreviation": "grams", "decimal": true}}, {"attribute": "VITD-", "description": "Vitamin D", "value": 20.24, "unit": {"id": "ed46fe0c-44fe-4c1f-b3a8-880f92e30930", "name": "IU", "abbreviation": "IU", "plural": "IU", "pluralAbbreviation": "IU", "decimal": true}}, {"attribute": "PRO_G", "description": "Proline", "value": 4.31, "unit": {"id": "12485d26-6e69-102c-9a8a-0030485841f8", "name": "gram", "abbreviation": "g", "plural": "grams", "pluralAbbreviation": "grams", "decimal": true}}, {"attribute": "FAT", "description": "Total lipid (fat)", "value": 28.85, "unit": {"id": "12485d26-6e69-102c-9a8a-0030485841f8", "name": "gram", "abbreviation": "g", "plural": "grams", "pluralAbbreviation": "grams", "decimal": true}}, {"attribute": "TRP_G", "description": "Tryptophan", "value": 0.21, "unit": {"id": "12485d26-6e69-102c-9a8a-0030485841f8", "name": "gram", "abbreviation": "g", "plural": "grams", "pluralAbbreviation": "grams", "decimal": true}}, {"attribute": "VITC", "description": "Vitamin C, total ascorbic acid", "value": 0.04, "unit": {"id": "12485d26-6e69-102c-9a8a-0030485841f8", "name": "gram", "abbreviation": "g", "plural": "grams", "pluralAbbreviation": "grams", "decimal": true}}, {"attribute": "ENERC_KCAL", "description": "Energy", "value": 620.98, "unit": {"id": "fea252f8-9888-4365-b005-e2c63ed3a776", "name": "calorie", "abbreviation": "kcal", "plural": "calories", "pluralAbbreviation": "kcal", "decimal": true}}, {"attribute": "VITA_IU", "description": "Vitamin A, IU", "value": 1316.49, "unit": {"id": "ed46fe0c-44fe-4c1f-b3a8-880f92e30930", "name": "IU", "abbreviation": "IU", "plural": "IU", "pluralAbbreviation": "IU", "decimal": true}}, {"attribute": "ILE_G", "description": "Isoleucine", "value": 2.05, "unit": {"id": "12485d26-6e69-102c-9a8a-0030485841f8", "name": "gram", "abbreviation": "g", "plural": "grams", "pluralAbbreviation": "grams", "decimal": true}}, {"attribute": "SER_G", "description": "Serine", "value": 2.05, "unit": {"id": "12485d26-6e69-102c-9a8a-0030485841f8", "name": "gram", "abbreviation": "g", "plural": "grams", "pluralAbbreviation": "grams", "decimal": true}}, {"attribute": "F16D1C", "description": "16:1 c", "value": 0.08, "unit": {"id": "12485d26-6e69-102c-9a8a-0030485841f8", "name": "gram", "abbreviation": "g", "plural": "grams", "pluralAbbreviation": "grams", "decimal": true}}, {"attribute": "LYS_G", "description": "Lysine", "value": 2.1, "unit": {"id": "12485d26-6e69-102c-9a8a-0030485841f8", "name": "gram", "abbreviation": "g", "plural": "grams", "pluralAbbreviation": "grams", "decimal": true}}, {"attribute": "CARTB", "description": "Carotene, beta", "value": 0.0, "unit": {"id": "12485d26-6e69-102c-9a8a-0030485841f8", "name": "gram", "abbreviation": "g", "plural": "grams", "pluralAbbreviation": "grams", "decimal": true}}, {"attribute": "THR_G", "description": "Threonine", "value": 0.7, "unit": {"id": "12485d26-6e69-102c-9a8a-0030485841f8", "name": "gram", "abbreviation": "g", "plural": "grams", "pluralAbbreviation": "grams", "decimal": true}}, {"attribute": "FOLAC", "description": "Folic acid", "value": 0.0, "unit": {"id": "12485d26-6e69-102c-9a8a-0030485841f8", "name": "gram", "abbreviation": "g", "plural": "grams", "pluralAbbreviation": "grams", "decimal": true}}, {"attribute": "BETN", "description": "Betaine", "value": 0.09, "unit": {"id": "12485d26-6e69-102c-9a8a-0030485841f8", "name": "gram", "abbreviation": "g", "plural": "grams", "pluralAbbreviation": "grams", "decimal": true}}, {"attribute": "F18D2", "description": "18:2 undifferentiated", "value": 1.19, "unit": {"id": "12485d26-6e69-102c-9a8a-0030485841f8", "name": "gram", "abbreviation": "g", "plural": "grams", "pluralAbbreviation": "grams", "decimal": true}}, {"attribute": "F18D1", "description": "18:1 undifferentiated", "value": 6.94, "unit": {"id": "12485d26-6e69-102c-9a8a-0030485841f8", "name": "gram", "abbreviation": "g", "plural": "grams", "pluralAbbreviation": "grams", "decimal": true}}, {"attribute": "F16D0", "description": "16:0", "value": 7.1, "unit": {"id": "12485d26-6e69-102c-9a8a-0030485841f8", "name": "gram", "abbreviation": "g", "plural": "grams", "pluralAbbreviation": "grams", "decimal": true}}, {"attribute": "GLU_G", "description": "Glutamic acid", "value": 8.65, "unit": {"id": "12485d26-6e69-102c-9a8a-0030485841f8", "name": "gram", "abbreviation": "g", "plural": "grams", "pluralAbbreviation": "grams", "decimal": true}}, {"attribute": "NIA", "description": "Niacin", "value": 0.01, "unit": {"id": "12485d26-6e69-102c-9a8a-0030485841f8", "name": "gram", "abbreviation": "g", "plural": "grams", "pluralAbbreviation": "grams", "decimal": true}}, {"attribute": "VITA_RAE", "description": "Vitamin A, RAE", "value": 199.24, "unit": {"id": "0fcf76b3-891a-403d-883f-58c8809ef151", "name": "mcg_RAE", "abbreviation": "mcg_RAE", "plural": "mcg_RAE", "pluralAbbreviation": "mcg_RAE", "decimal": false}}, {"attribute": "FAPU", "description": "Fatty acids, total polyunsaturated", "value": 1.67, "unit": {"id": "12485d26-6e69-102c-9a8a-0030485841f8", "name": "gram", "abbreviation": "g", "plural": "grams", "pluralAbbreviation": "grams", "decimal": true}}, {"attribute": "MG", "description": "Magnesium, Mg", "value": 0.08, "unit": {"id": "12485d26-6e69-102c-9a8a-0030485841f8", "name": "gram", "abbreviation": "g", "plural": "grams", "pluralAbbreviation": "grams", "decimal": true}}, {"attribute": "CA", "description": "Calcium, Ca", "value": 0.81, "unit": {"id": "12485d26-6e69-102c-9a8a-0030485841f8", "name": "gram", "abbreviation": "g", "plural": "grams", "pluralAbbreviation": "grams", "decimal": true}}, {"attribute": "F10D0", "description": "10:0", "value": 0.94, "unit": {"id": "12485d26-6e69-102c-9a8a-0030485841f8", "name": "gram", "abbreviation": "g", "plural": "grams", "pluralAbbreviation": "grams", "decimal": true}}, {"attribute": "CHOLN", "description": "Choline, total", "value": 0.03, "unit": {"id": "12485d26-6e69-102c-9a8a-0030485841f8", "name": "gram", "abbreviation": "g", "plural": "grams", "pluralAbbreviation": "grams", "decimal": true}}, {"attribute": "PANTAC", "description": "Pantothenic acid", "value": 0.0, "unit": {"id": "12485d26-6e69-102c-9a8a-0030485841f8", "name": "gram", "abbreviation": "g", "plural": "grams", "pluralAbbreviation": "grams", "decimal": true}}, {"attribute": "P", "description": "Phosphorus, P", "value": 0.69, "unit": {"id": "12485d26-6e69-102c-9a8a-0030485841f8", "name": "gram", "abbreviation": "g", "plural": "grams", "pluralAbbreviation": "grams", "decimal": true}}, {"attribute": "TOCPHG", "description": "Tocopherol, gamma", "value": 0.0, "unit": {"id": "12485d26-6e69-102c-9a8a-0030485841f8", "name": "gram", "abbreviation": "g", "plural": "grams", "pluralAbbreviation": "grams", "decimal": true}}, {"attribute": "F17D0", "description": "17:0", "value": 0.08, "unit": {"id": "12485d26-6e69-102c-9a8a-0030485841f8", "name": "gram", "abbreviation": "g", "plural": "grams", "pluralAbbreviation": "grams", "decimal": true}}, {"attribute": "CHOLE", "description": "Cholesterol", "value": 0.09, "unit": {"id": "12485d26-6e69-102c-9a8a-0030485841f8", "name": "gram", "abbreviation": "g", "plural": "grams", "pluralAbbreviation": "grams", "decimal": true}}, {"attribute": "CARTA", "description": "Carotene, alpha", "value": 0.0, "unit": {"id": "12485d26-6e69-102c-9a8a-0030485841f8", "name": "gram", "abbreviation": "g", "plural": "grams", "pluralAbbreviation": "grams", "decimal": true}}, {"attribute": "LUT+ZEA", "description": "Lutein + zeaxanthin", "value": 0.0, "unit": {"id": "12485d26-6e69-102c-9a8a-0030485841f8", "name": "gram", "abbreviation": "g", "plural": "grams", "pluralAbbreviation": "grams", "decimal": true}}, {"attribute": "LEU_G", "description": "Leucine", "value": 2.96, "unit": {"id": "12485d26-6e69-102c-9a8a-0030485841f8", "name": "gram", "abbreviation": "g", "plural": "grams", "pluralAbbreviation": "grams", "decimal": true}}, {"attribute": "F18D0", "description": "18:0", "value": 2.59, "unit": {"id": "12485d26-6e69-102c-9a8a-0030485841f8", "name": "gram", "abbreviation": "g", "plural": "grams", "pluralAbbreviation": "grams", "decimal": true}}, {"attribute": "VITK", "description": "Vitamin K (phylloquinone)", "value": 0.0, "unit": {"id": "12485d26-6e69-102c-9a8a-0030485841f8", "name": "gram", "abbreviation": "g", "plural": "grams", "pluralAbbreviation": "grams", "decimal": true}}, {"attribute": "FOL", "description": "Folate, total", "value": 0.0, "unit": {"id": "12485d26-6e69-102c-9a8a-0030485841f8", "name": "gram", "abbreviation": "g", "plural": "grams", "pluralAbbreviation": "grams", "decimal": true}}, {"attribute": "CHOCDF", "description": "Carbohydrate, by difference", "value": 56.62, "unit": {"id": "12485d26-6e69-102c-9a8a-0030485841f8", "name": "gram", "abbreviation": "g", "plural": "grams", "pluralAbbreviation": "grams", "decimal": true}}, {"attribute": "PHE_G", "description": "Phenylalanine", "value": 2.05, "unit": {"id": "12485d26-6e69-102c-9a8a-0030485841f8", "name": "gram", "abbreviation": "g", "plural": "grams", "pluralAbbreviation": "grams", "decimal": true}}, {"attribute": "PROCNT", "description": "Protein", "value": 34.23, "unit": {"id": "12485d26-6e69-102c-9a8a-0030485841f8", "name": "gram", "abbreviation": "g", "plural": "grams", "pluralAbbreviation": "grams", "decimal": true}}, {"attribute": "FIBTG", "description": "Fiber, total dietary", "value": 3.81, "unit": {"id": "12485d26-6e69-102c-9a8a-0030485841f8", "name": "gram", "abbreviation": "g", "plural": "grams", "pluralAbbreviation": "grams", "decimal": true}}, {"attribute": "SE", "description": "Selenium, Se", "value": 0.0, "unit": {"id": "12485d26-6e69-102c-9a8a-0030485841f8", "name": "gram", "abbreviation": "g", "plural": "grams", "pluralAbbreviation": "grams", "decimal": true}}, {"attribute": "ASH", "description": "Ash", "value": 7.2, "unit": {"id": "12485d26-6e69-102c-9a8a-0030485841f8", "name": "gram", "abbreviation": "g", "plural": "grams", "pluralAbbreviation": "grams", "decimal": true}}, {"attribute": "GLY_G", "description": "Glycine", "value": 0.7, "unit": {"id": "12485d26-6e69-102c-9a8a-0030485841f8", "name": "gram", "abbreviation": "g", "plural": "grams", "pluralAbbreviation": "grams", "decimal": true}}, {"attribute": "FAMS", "description": "Fatty acids, total monounsaturated", "value": 7.72, "unit": {"id": "12485d26-6e69-102c-9a8a-0030485841f8", "name": "gram", "abbreviation": "g", "plural": "grams", "pluralAbbreviation": "grams", "decimal": true}}, {"attribute": "F6D0", "description": "6:0", "value": 0.86, "unit": {"id": "12485d26-6e69-102c-9a8a-0030485841f8", "name": "gram", "abbreviation": "g", "plural": "grams", "pluralAbbreviation": "grams", "decimal": true}}, {"attribute": "SUGAR", "description": "Sugars, total", "value": 5.46, "unit": {"id": "12485d26-6e69-102c-9a8a-0030485841f8", "name": "gram", "abbreviation": "g", "plural": "grams", "pluralAbbreviation": "grams", "decimal": true}}, {"attribute": "RETOL", "description": "Retinol", "value": 0.0, "unit": {"id": "12485d26-6e69-102c-9a8a-0030485841f8", "name": "gram", "abbreviation": "g", "plural": "grams", "pluralAbbreviation": "grams", "decimal": true}}, {"attribute": "F8D0", "description": "8:0", "value": 0.08, "unit": {"id": "12485d26-6e69-102c-9a8a-0030485841f8", "name": "gram", "abbreviation": "g", "plural": "grams", "pluralAbbreviation": "grams", "decimal": true}}, {"attribute": "WATER", "description": "Water", "value": 88.73, "unit": {"id": "12485d26-6e69-102c-9a8a-0030485841f8", "name": "gram", "abbreviation": "g", "plural": "grams", "pluralAbbreviation": "grams", "decimal": true}}, {"attribute": "TOCPHA", "description": "Vitamin E (alpha-tocopherol)", "value": 0.0, "unit": {"id": "12485d26-6e69-102c-9a8a-0030485841f8", "name": "gram", "abbreviation": "g", "plural": "grams", "pluralAbbreviation": "grams", "decimal": true}}, {"attribute": "ASP_G", "description": "Aspartic acid", "value": 2.26, "unit": {"id": "12485d26-6e69-102c-9a8a-0030485841f8", "name": "gram", "abbreviation": "g", "plural": "grams", "pluralAbbreviation": "grams", "decimal": true}}, {"attribute": "F4D0", "description": "4:0", "value": 1.24, "unit": {"id": "12485d26-6e69-102c-9a8a-0030485841f8", "name": "gram", "abbreviation": "g", "plural": "grams", "pluralAbbreviation": "grams", "decimal": true}}, {"attribute": "HISTN_G", "description": "Histidine", "value": 0.7, "unit": {"id": "12485d26-6e69-102c-9a8a-0030485841f8", "name": "gram", "abbreviation": "g", "plural": "grams", "pluralAbbreviation": "grams", "decimal": true}}, {"attribute": "ENERC_KJ", "description": "Energy", "value": 2598.63, "unit": {"id": "fea252f8-9888-4365-b005-e2c63ed3a776", "name": "calorie", "abbreviation": "kcal", "plural": "calories", "pluralAbbreviation": "kcal", "decimal": true}}, {"attribute": "FE", "description": "Iron, Fe", "value": 0.0, "unit": {"id": "12485d26-6e69-102c-9a8a-0030485841f8", "name": "gram", "abbreviation": "g", "plural": "grams", "pluralAbbreviation": "grams", "decimal": true}}, {"attribute": "TYR_G", "description": "Tyrosine", "value": 1.4, "unit": {"id": "12485d26-6e69-102c-9a8a-0030485841f8", "name": "gram", "abbreviation": "g", "plural": "grams", "pluralAbbreviation": "grams", "decimal": true}}, {"attribute": "FOLFD", "description": "Folate, food", "value": 0.0, "unit": {"id": "12485d26-6e69-102c-9a8a-0030485841f8", "name": "gram", "abbreviation": "g", "plural": "grams", "pluralAbbreviation": "grams", "decimal": true}}, {"attribute": "F18D1T", "description": "18:1 t", "value": 0.24, "unit": {"id": "12485d26-6e69-102c-9a8a-0030485841f8", "name": "gram", "abbreviation": "g", "plural": "grams", "pluralAbbreviation": "grams", "decimal": true}}, {"attribute": "ALA_G", "description": "Alanine", "value": 0.7, "unit": {"id": "12485d26-6e69-102c-9a8a-0030485841f8", "name": "gram", "abbreviation": "g", "plural": "grams", "pluralAbbreviation": "grams", "decimal": true}}, {"attribute": "F16D1", "description": "16:1 undifferentiated", "value": 0.08, "unit": {"id": "12485d26-6e69-102c-9a8a-0030485841f8", "name": "gram", "abbreviation": "g", "plural": "grams", "pluralAbbreviation": "grams", "decimal": true}}, {"attribute": "ARG_G", "description": "Arginine", "value": 0.91, "unit": {"id": "12485d26-6e69-102c-9a8a-0030485841f8", "name": "gram", "abbreviation": "g", "plural": "grams", "pluralAbbreviation": "grams", "decimal": true}}, {"attribute": "F12D0", "description": "12:0", "value": 1.03, "unit": {"id": "12485d26-6e69-102c-9a8a-0030485841f8", "name": "gram", "abbreviation": "g", "plural": "grams", "pluralAbbreviation": "grams", "decimal": true}}, {"attribute": "MN", "description": "Manganese, Mn", "value": 0.0, "unit": {"id": "12485d26-6e69-102c-9a8a-0030485841f8", "name": "gram", "abbreviation": "g", "plural": "grams", "pluralAbbreviation": "grams", "decimal": true}}, {"attribute": "THIA", "description": "Thiamin", "value": 0.0, "unit": {"id": "12485d26-6e69-102c-9a8a-0030485841f8", "name": "gram", "abbreviation": "g", "plural": "grams", "pluralAbbreviation": "grams", "decimal": true}}, {"attribute": "FOLDFE", "description": "Folate, DFE", "value": 285.83, "unit": {"id": "4d783ee4-aa07-4958-84bf-3f4b528049dc", "name": "mcg_DFE", "abbreviation": "mcg_DFE", "plural": "mcg_DFE", "pluralAbbreviation": "mcg_DFE", "decimal": false}}, {"attribute": "STARCH", "description": "Starch", "value": 40.18, "unit": {"id": "12485d26-6e69-102c-9a8a-0030485841f8", "name": "gram", "abbreviation": "g", "plural": "grams", "pluralAbbreviation": "grams", "decimal": true}}, {"attribute": "FASAT", "description": "Fatty acids, total saturated", "value": 17.03, "unit": {"id": "12485d26-6e69-102c-9a8a-0030485841f8", "name": "gram", "abbreviation": "g", "plural": "grams", "pluralAbbreviation": "grams", "decimal": true}}, {"attribute": "F18D2CN6", "description": "18:2 n-6 c,c", "value": 0.16, "unit": {"id": "12485d26-6e69-102c-9a8a-0030485841f8", "name": "gram", "abbreviation": "g", "plural": "grams", "pluralAbbreviation": "grams", "decimal": true}}, {"attribute": "F18D1C", "description": "18:1 c", "value": 1.38, "unit": {"id": "12485d26-6e69-102c-9a8a-0030485841f8", "name": "gram", "abbreviation": "g", "plural": "grams", "pluralAbbreviation": "grams", "decimal": true}}, {"attribute": "SITSTR", "description": "Beta-sitosterol", "value": 0.0, "unit": {"id": "12485d26-6e69-102c-9a8a-0030485841f8", "name": "gram", "abbreviation": "g", "plural": "grams", "pluralAbbreviation": "grams", "decimal": true}}, {"attribute": "VAL_G", "description": "Valine", "value": 2.26, "unit": {"id": "12485d26-6e69-102c-9a8a-0030485841f8", "name": "gram", "abbreviation": "g", "plural": "grams", "pluralAbbreviation": "grams", "decimal": true}}, {"attribute": "FLD", "description": "Fluoride, F", "value": 0.0, "unit": {"id": "12485d26-6e69-102c-9a8a-0030485841f8", "name": "gram", "abbreviation": "g", "plural": "grams", "pluralAbbreviation": "grams", "decimal": true}}, {"attribute": "K", "description": "Potassium, K", "value": 0.35, "unit": {"id": "12485d26-6e69-102c-9a8a-0030485841f8", "name": "gram", "abbreviation": "g", "plural": "grams", "pluralAbbreviation": "grams", "decimal": true}}, {"attribute": "VITB12", "description": "Vitamin B-12", "value": 0.0, "unit": {"id": "12485d26-6e69-102c-9a8a-0030485841f8", "name": "gram", "abbreviation": "g", "plural": "grams", "pluralAbbreviation": "grams", "decimal": true}}, {"attribute": "MET_G", "description": "Methionine", "value": 0.7, "unit": {"id": "12485d26-6e69-102c-9a8a-0030485841f8", "name": "gram", "abbreviation": "g", "plural": "grams", "pluralAbbreviation": "grams", "decimal": true}}, {"attribute": "F14D0", "description": "14:0", "value": 2.83, "unit": {"id": "12485d26-6e69-102c-9a8a-0030485841f8", "name": "gram", "abbreviation": "g", "plural": "grams", "pluralAbbreviation": "grams", "decimal": true}}], "totalTime": "35 min", "images": [{"hostedSmallUrl": "http://lh5.ggpht.com/3rMWidVrz5hIwElYBfQ535k22deqhMJaMo_6ZrhngQEUR-L2BGppW5VlMi2UeGZp_8GHRUu3EmxmCP5EbSgw=s90", "hostedMediumUrl": "http://lh5.ggpht.com/3rMWidVrz5hIwElYBfQ535k22deqhMJaMo_6ZrhngQEUR-L2BGppW5VlMi2UeGZp_8GHRUu3EmxmCP5EbSgw=s180", "hostedLargeUrl": "http://lh5.ggpht.com/3rMWidVrz5hIwElYBfQ535k22deqhMJaMo_6ZrhngQEUR-L2BGppW5VlMi2UeGZp_8GHRUu3EmxmCP5EbSgw=s360", "imageUrlsBySize": {"90": "http://lh3.ggpht.com/IK5mUBoAs4zMOsjrciofkD8cRmKs_6KZ4pUBxv6OQVgOQecOcwVk1nulB5jECr9LBQD68x0Mbop8RraqLywbFg=s90-c", "360": "http://lh3.ggpht.com/IK5mUBoAs4zMOsjrciofkD8cRmKs_6KZ4pUBxv6OQVgOQecOcwVk1nulB5jECr9LBQD68x0Mbop8RraqLywbFg=s360-c"}}], "name": "Cacio e Pepe with English Peas", "source": {"sourceDisplayName": "Katie at the Kitchen Door", "sourceSiteUrl": "katieatthekitchendoor.com", "sourceRecipeUrl": "http://katieatthekitchendoor.com/2013/05/21/italy-part-1-rome-and-florence-cacio-e-pepe-with-english-peas/"}, "id": "Cacio-e-Pepe-with-English-Peas-683387", "ingredientLines": ["1 1/2 c. fresh English peas", "salt to taste", "1/2 pound spaghetti or bucatini", "2 TBS butter", "1 1/2 tsp freshly ground black pepper, plus more for garnish", "reserved pasta water", "3/4 c. freshly grated Parmesan, plus more for garnish", "3/4 c. freshly grated Pecorino Romano", "2 TBS sour cream"], "attribution": {"html": "<a href='http://www.yummly.co/recipe/Cacio-e-Pepe-with-English-Peas-683387'>Cacio e Pepe with English Peas recipe</a> information powered by <img alt='Yummly' src='https://static.yummly.co/api-logo.png'/>", "url": "http://www.yummly.co/recipe/Cacio-e-Pepe-with-English-Peas-683387", "text": "Cacio e Pepe with English Peas recipes: information powered by Yummly", "logo": "https://static.yummly.co/api-logo.png"}, "numberOfServings": 4, "totalTimeInSeconds": 2100, "attributes": {"course": ["Main Dishes"], "cuisine": ["English"]}, "flavors": {}, "rating": 4}