{"yield": "6 servings", "nutritionEstimates": [], "totalTime": "1 hr 45 min", "images": [{"hostedSmallUrl": "https://lh3.googleusercontent.com/A63SgdH8f5JXflaQg6PmO4W3ipVx8CBWP_QWM0kvknX1wgJ2xVUmsGdPzs6lZ8LxJOeOBbme6hor0owQEMEM7w=s90", "hostedMediumUrl": "https://lh3.googleusercontent.com/A63SgdH8f5JXflaQg6PmO4W3ipVx8CBWP_QWM0kvknX1wgJ2xVUmsGdPzs6lZ8LxJOeOBbme6hor0owQEMEM7w=s180", "hostedLargeUrl": "https://lh3.googleusercontent.com/A63SgdH8f5JXflaQg6PmO4W3ipVx8CBWP_QWM0kvknX1wgJ2xVUmsGdPzs6lZ8LxJOeOBbme6hor0owQEMEM7w=s360", "imageUrlsBySize": {"90": "https://lh3.googleusercontent.com/Pj4pO9kJLZ2V-QHMhnYJpME_qoReK8s0PoXmgZ5h6VRx5lXLGPqoOYTmSEc2oYj_UJhLmaxpR9V6s8IiGwE-aA=s90-c", "360": "https://lh3.googleusercontent.com/Pj4pO9kJLZ2V-QHMhnYJpME_qoReK8s0PoXmgZ5h6VRx5lXLGPqoOYTmSEc2oYj_UJhLmaxpR9V6s8IiGwE-aA=s360-c"}}], "name": "Caramelized Pasilla Brisket", "source": {"sourceDisplayName": "Pati Jinich", "sourceSiteUrl": "patijinich.com", "sourceRecipeUrl": "https://patijinich.com/recipe/caramelized-pasilla-brisket/"}, "id": "Caramelized-Pasilla-Brisket-2260456", "ingredientLines": ["2 ounces (about 5 to 6) dried pasilla chiles stemmed and seeded", "3 pounds beef brisket trimmed", "2 teaspoons kosher or coarse sea salt divided", "To taste freshly ground black pepper", "2 tablespoons vegetable oil", "1 1/2 pounds tomatillos husked, rinsed, quartered", "1 large white onion cut into chunks", "10 garlic cloves peeled", "4 cups chicken broth", "4 ounces (or 1/2 cup) grated piloncillo or brown sugar", "1 1/2 pounds baby potatoes halved", "1 1/2 pounds carrots peeled and cut diagonally into 1-inch pieces", "Greens of your choice for salad", "Freshly squeezed lime juice and olive oil to dress the salad", "Freshly squeezed lime juice and olive oil to dress the salad", "Freshly squeezed lime juice and olive oil to dress the salad"], "attribution": {"html": "<a href='http://www.yummly.co/recipe/Caramelized-Pasilla-Brisket-2260456'>Caramelized Pasilla Brisket recipe</a> information powered by <img alt='Yummly' src='https://static.yummly.co/api-logo.png'/>", "url": "http://www.yummly.co/recipe/Caramelized-Pasilla-Brisket-2260456", "text": "Caramelized Pasilla Brisket recipes: information powered by Yummly", "logo": "https://static.yummly.co/api-logo.png"}, "numberOfServings": 6, "totalTimeInSeconds": 6300, "attributes": {"course": ["Main Dishes"], "cuisine": ["Mexican"]}, "flavors": {}, "rating": 4}