{"yield": "4", "nutritionEstimates": [{"attribute": "FAT_KCAL", "description": null, "value": 210.0, "unit": {"id": "fea252f8-9888-4365-b005-e2c63ed3a776", "name": "calorie", "abbreviation": "kcal", "plural": "calories", "pluralAbbreviation": "kcal", "decimal": true}}, {"attribute": "NA", "description": "Sodium, Na", "value": 0.53, "unit": {"id": "12485d26-6e69-102c-9a8a-0030485841f8", "name": "gram", "abbreviation": "g", "plural": "grams", "pluralAbbreviation": "grams", "decimal": true}}, {"attribute": "ZN", "description": "Zinc, Zn", "value": 0.0, "unit": {"id": "12485d26-6e69-102c-9a8a-0030485841f8", "name": "gram", "abbreviation": "g", "plural": "grams", "pluralAbbreviation": "grams", "decimal": true}}, {"attribute": "VITD-", "description": "Vitamin D", "value": 52.53, "unit": {"id": "ed46fe0c-44fe-4c1f-b3a8-880f92e30930", "name": "IU", "abbreviation": "IU", "plural": "IU", "pluralAbbreviation": "IU", "decimal": true}}, {"attribute": "PRO_G", "description": "Proline", "value": 1.06, "unit": {"id": "12485d26-6e69-102c-9a8a-0030485841f8", "name": "gram", "abbreviation": "g", "plural": "grams", "pluralAbbreviation": "grams", "decimal": true}}, {"attribute": "FAT", "description": "Total lipid (fat)", "value": 22.56, "unit": {"id": "12485d26-6e69-102c-9a8a-0030485841f8", "name": "gram", "abbreviation": "g", "plural": "grams", "pluralAbbreviation": "grams", "decimal": true}}, {"attribute": "RIBF", "description": "Riboflavin", "value": 0.0, "unit": {"id": "12485d26-6e69-102c-9a8a-0030485841f8", "name": "gram", "abbreviation": "g", "plural": "grams", "pluralAbbreviation": "grams", "decimal": true}}, {"attribute": "VITC", "description": "Vitamin C, total ascorbic acid", "value": 0.1, "unit": {"id": "12485d26-6e69-102c-9a8a-0030485841f8", "name": "gram", "abbreviation": "g", "plural": "grams", "pluralAbbreviation": "grams", "decimal": true}}, {"attribute": "ENERC_KCAL", "description": "Energy", "value": 357.37, "unit": {"id": "fea252f8-9888-4365-b005-e2c63ed3a776", "name": "calorie", "abbreviation": "kcal", "plural": "calories", "pluralAbbreviation": "kcal", "decimal": true}}, {"attribute": "VITA_IU", "description": "Vitamin A, IU", "value": 790.21, "unit": {"id": "ed46fe0c-44fe-4c1f-b3a8-880f92e30930", "name": "IU", "abbreviation": "IU", "plural": "IU", "pluralAbbreviation": "IU", "decimal": true}}, {"attribute": "ILE_G", "description": "Isoleucine", "value": 0.63, "unit": {"id": "12485d26-6e69-102c-9a8a-0030485841f8", "name": "gram", "abbreviation": "g", "plural": "grams", "pluralAbbreviation": "grams", "decimal": true}}, {"attribute": "SER_G", "description": "Serine", "value": 0.44, "unit": {"id": "12485d26-6e69-102c-9a8a-0030485841f8", "name": "gram", "abbreviation": "g", "plural": "grams", "pluralAbbreviation": "grams", "decimal": true}}, {"attribute": "F18D3", "description": "18:3 undifferentiated", "value": 0.0, "unit": {"id": "12485d26-6e69-102c-9a8a-0030485841f8", "name": "gram", "abbreviation": "g", "plural": "grams", "pluralAbbreviation": "grams", "decimal": true}}, {"attribute": "F16D1C", "description": "16:1 c", "value": 0.13, "unit": {"id": "12485d26-6e69-102c-9a8a-0030485841f8", "name": "gram", "abbreviation": "g", "plural": "grams", "pluralAbbreviation": "grams", "decimal": true}}, {"attribute": "LYS_G", "description": "Lysine", "value": 0.63, "unit": {"id": "12485d26-6e69-102c-9a8a-0030485841f8", "name": "gram", "abbreviation": "g", "plural": "grams", "pluralAbbreviation": "grams", "decimal": true}}, {"attribute": "CARTB", "description": "Carotene, beta", "value": 0.0, "unit": {"id": "12485d26-6e69-102c-9a8a-0030485841f8", "name": "gram", "abbreviation": "g", "plural": "grams", "pluralAbbreviation": "grams", "decimal": true}}, {"attribute": "THR_G", "description": "Threonine", "value": 0.31, "unit": {"id": "12485d26-6e69-102c-9a8a-0030485841f8", "name": "gram", "abbreviation": "g", "plural": "grams", "pluralAbbreviation": "grams", "decimal": true}}, {"attribute": "SUCS", "description": "Sucrose", "value": 0.0, "unit": {"id": "12485d26-6e69-102c-9a8a-0030485841f8", "name": "gram", "abbreviation": "g", "plural": "grams", "pluralAbbreviation": "grams", "decimal": true}}, {"attribute": "BETN", "description": "Betaine", "value": 0.0, "unit": {"id": "12485d26-6e69-102c-9a8a-0030485841f8", "name": "gram", "abbreviation": "g", "plural": "grams", "pluralAbbreviation": "grams", "decimal": true}}, {"attribute": "F18D2", "description": "18:2 undifferentiated", "value": 0.7, "unit": {"id": "12485d26-6e69-102c-9a8a-0030485841f8", "name": "gram", "abbreviation": "g", "plural": "grams", "pluralAbbreviation": "grams", "decimal": true}}, {"attribute": "F18D1", "description": "18:1 undifferentiated", "value": 5.05, "unit": {"id": "12485d26-6e69-102c-9a8a-0030485841f8", "name": "gram", "abbreviation": "g", "plural": "grams", "pluralAbbreviation": "grams", "decimal": true}}, {"attribute": "F16D0", "description": "16:0", "value": 6.82, "unit": {"id": "12485d26-6e69-102c-9a8a-0030485841f8", "name": "gram", "abbreviation": "g", "plural": "grams", "pluralAbbreviation": "grams", "decimal": true}}, {"attribute": "GLU_G", "description": "Glutamic acid", "value": 3.2, "unit": {"id": "12485d26-6e69-102c-9a8a-0030485841f8", "name": "gram", "abbreviation": "g", "plural": "grams", "pluralAbbreviation": "grams", "decimal": true}}, {"attribute": "CRYPX", "description": "Cryptoxanthin, beta", "value": 0.0, "unit": {"id": "12485d26-6e69-102c-9a8a-0030485841f8", "name": "gram", "abbreviation": "g", "plural": "grams", "pluralAbbreviation": "grams", "decimal": true}}, {"attribute": "NIA", "description": "Niacin", "value": 0.0, "unit": {"id": "12485d26-6e69-102c-9a8a-0030485841f8", "name": "gram", "abbreviation": "g", "plural": "grams", "pluralAbbreviation": "grams", "decimal": true}}, {"attribute": "VITA_RAE", "description": "Vitamin A, RAE", "value": 176.33, "unit": {"id": "0fcf76b3-891a-403d-883f-58c8809ef151", "name": "mcg_RAE", "abbreviation": "mcg_RAE", "plural": "mcg_RAE", "pluralAbbreviation": "mcg_RAE", "decimal": false}}, {"attribute": "VITB12", "description": "Vitamin B-12", "value": 0.0, "unit": {"id": "12485d26-6e69-102c-9a8a-0030485841f8", "name": "gram", "abbreviation": "g", "plural": "grams", "pluralAbbreviation": "grams", "decimal": true}}, {"attribute": "MET_G", "description": "Methionine", "value": 0.31, "unit": {"id": "12485d26-6e69-102c-9a8a-0030485841f8", "name": "gram", "abbreviation": "g", "plural": "grams", "pluralAbbreviation": "grams", "decimal": true}}, {"attribute": "F14D0", "description": "14:0", "value": 1.81, "unit": {"id": "12485d26-6e69-102c-9a8a-0030485841f8", "name": "gram", "abbreviation": "g", "plural": "grams", "pluralAbbreviation": "grams", "decimal": true}}, {"attribute": "FAPU", "description": "Fatty acids, total polyunsaturated", "value": 0.71, "unit": {"id": "12485d26-6e69-102c-9a8a-0030485841f8", "name": "gram", "abbreviation": "g", "plural": "grams", "pluralAbbreviation": "grams", "decimal": true}}, {"attribute": "MG", "description": "Magnesium, Mg", "value": 0.05, "unit": {"id": "12485d26-6e69-102c-9a8a-0030485841f8", "name": "gram", "abbreviation": "g", "plural": "grams", "pluralAbbreviation": "grams", "decimal": true}}, {"attribute": "CA", "description": "Calcium, Ca", "value": 0.4, "unit": {"id": "12485d26-6e69-102c-9a8a-0030485841f8", "name": "gram", "abbreviation": "g", "plural": "grams", "pluralAbbreviation": "grams", "decimal": true}}, {"attribute": "F10D0", "description": "10:0", "value": 0.69, "unit": {"id": "12485d26-6e69-102c-9a8a-0030485841f8", "name": "gram", "abbreviation": "g", "plural": "grams", "pluralAbbreviation": "grams", "decimal": true}}, {"attribute": "CHOLN", "description": "Choline, total", "value": 0.08, "unit": {"id": "12485d26-6e69-102c-9a8a-0030485841f8", "name": "gram", "abbreviation": "g", "plural": "grams", "pluralAbbreviation": "grams", "decimal": true}}, {"attribute": "PANTAC", "description": "Pantothenic acid", "value": 0.0, "unit": {"id": "12485d26-6e69-102c-9a8a-0030485841f8", "name": "gram", "abbreviation": "g", "plural": "grams", "pluralAbbreviation": "grams", "decimal": true}}, {"attribute": "P", "description": "Phosphorus, P", "value": 0.35, "unit": {"id": "12485d26-6e69-102c-9a8a-0030485841f8", "name": "gram", "abbreviation": "g", "plural": "grams", "pluralAbbreviation": "grams", "decimal": true}}, {"attribute": "TOCPHG", "description": "Tocopherol, gamma", "value": 0.0, "unit": {"id": "12485d26-6e69-102c-9a8a-0030485841f8", "name": "gram", "abbreviation": "g", "plural": "grams", "pluralAbbreviation": "grams", "decimal": true}}, {"attribute": "CU", "description": "Copper, Cu", "value": 0.0, "unit": {"id": "12485d26-6e69-102c-9a8a-0030485841f8", "name": "gram", "abbreviation": "g", "plural": "grams", "pluralAbbreviation": "grams", "decimal": true}}, {"attribute": "F17D0", "description": "17:0", "value": 0.13, "unit": {"id": "12485d26-6e69-102c-9a8a-0030485841f8", "name": "gram", "abbreviation": "g", "plural": "grams", "pluralAbbreviation": "grams", "decimal": true}}, {"attribute": "CHOLE", "description": "Cholesterol", "value": 0.07, "unit": {"id": "12485d26-6e69-102c-9a8a-0030485841f8", "name": "gram", "abbreviation": "g", "plural": "grams", "pluralAbbreviation": "grams", "decimal": true}}, {"attribute": "CARTA", "description": "Carotene, alpha", "value": 0.0, "unit": {"id": "12485d26-6e69-102c-9a8a-0030485841f8", "name": "gram", "abbreviation": "g", "plural": "grams", "pluralAbbreviation": "grams", "decimal": true}}, {"attribute": "LUT+ZEA", "description": "Lutein + zeaxanthin", "value": 0.0, "unit": {"id": "12485d26-6e69-102c-9a8a-0030485841f8", "name": "gram", "abbreviation": "g", "plural": "grams", "pluralAbbreviation": "grams", "decimal": true}}, {"attribute": "LYCPN", "description": "Lycopene", "value": 0.0, "unit": {"id": "12485d26-6e69-102c-9a8a-0030485841f8", "name": "gram", "abbreviation": "g", "plural": "grams", "pluralAbbreviation": "grams", "decimal": true}}, {"attribute": "LEU_G", "description": "Leucine", "value": 0.75, "unit": {"id": "12485d26-6e69-102c-9a8a-0030485841f8", "name": "gram", "abbreviation": "g", "plural": "grams", "pluralAbbreviation": "grams", "decimal": true}}, {"attribute": "F18D0", "description": "18:0", "value": 2.5, "unit": {"id": "12485d26-6e69-102c-9a8a-0030485841f8", "name": "gram", "abbreviation": "g", "plural": "grams", "pluralAbbreviation": "grams", "decimal": true}}, {"attribute": "VITK", "description": "Vitamin K (phylloquinone)", "value": 0.0, "unit": {"id": "12485d26-6e69-102c-9a8a-0030485841f8", "name": "gram", "abbreviation": "g", "plural": "grams", "pluralAbbreviation": "grams", "decimal": true}}, {"attribute": "FOL", "description": "Folate, total", "value": 0.0, "unit": {"id": "12485d26-6e69-102c-9a8a-0030485841f8", "name": "gram", "abbreviation": "g", "plural": "grams", "pluralAbbreviation": "grams", "decimal": true}}, {"attribute": "CHOCDF", "description": "Carbohydrate, by difference", "value": 23.19, "unit": {"id": "12485d26-6e69-102c-9a8a-0030485841f8", "name": "gram", "abbreviation": "g", "plural": "grams", "pluralAbbreviation": "grams", "decimal": true}}, {"attribute": "PHE_G", "description": "Phenylalanine", "value": 0.44, "unit": {"id": "12485d26-6e69-102c-9a8a-0030485841f8", "name": "gram", "abbreviation": "g", "plural": "grams", "pluralAbbreviation": "grams", "decimal": true}}, {"attribute": "PROCNT", "description": "Protein", "value": 16.23, "unit": {"id": "12485d26-6e69-102c-9a8a-0030485841f8", "name": "gram", "abbreviation": "g", "plural": "grams", "pluralAbbreviation": "grams", "decimal": true}}, {"attribute": "FIBTG", "description": "Fiber, total dietary", "value": 3.67, "unit": {"id": "12485d26-6e69-102c-9a8a-0030485841f8", "name": "gram", "abbreviation": "g", "plural": "grams", "pluralAbbreviation": "grams", "decimal": true}}, {"attribute": "SE", "description": "Selenium, Se", "value": 0.0, "unit": {"id": "12485d26-6e69-102c-9a8a-0030485841f8", "name": "gram", "abbreviation": "g", "plural": "grams", "pluralAbbreviation": "grams", "decimal": true}}, {"attribute": "ASH", "description": "Ash", "value": 4.48, "unit": {"id": "12485d26-6e69-102c-9a8a-0030485841f8", "name": "gram", "abbreviation": "g", "plural": "grams", "pluralAbbreviation": "grams", "decimal": true}}, {"attribute": "FAMS", "description": "Fatty acids, total monounsaturated", "value": 6.45, "unit": {"id": "12485d26-6e69-102c-9a8a-0030485841f8", "name": "gram", "abbreviation": "g", "plural": "grams", "pluralAbbreviation": "grams", "decimal": true}}, {"attribute": "F6D0", "description": "6:0", "value": 0.56, "unit": {"id": "12485d26-6e69-102c-9a8a-0030485841f8", "name": "gram", "abbreviation": "g", "plural": "grams", "pluralAbbreviation": "grams", "decimal": true}}, {"attribute": "SUGAR", "description": "Sugars, total", "value": 8.53, "unit": {"id": "12485d26-6e69-102c-9a8a-0030485841f8", "name": "gram", "abbreviation": "g", "plural": "grams", "pluralAbbreviation": "grams", "decimal": true}}, {"attribute": "RETOL", "description": "Retinol", "value": 0.0, "unit": {"id": "12485d26-6e69-102c-9a8a-0030485841f8", "name": "gram", "abbreviation": "g", "plural": "grams", "pluralAbbreviation": "grams", "decimal": true}}, {"attribute": "F8D0", "description": "8:0", "value": 0.13, "unit": {"id": "12485d26-6e69-102c-9a8a-0030485841f8", "name": "gram", "abbreviation": "g", "plural": "grams", "pluralAbbreviation": "grams", "decimal": true}}, {"attribute": "WATER", "description": "Water", "value": 243.86, "unit": {"id": "12485d26-6e69-102c-9a8a-0030485841f8", "name": "gram", "abbreviation": "g", "plural": "grams", "pluralAbbreviation": "grams", "decimal": true}}, {"attribute": "22:1 c", "description": "22:1 c", "value": 0.01, "unit": {"id": "12485d26-6e69-102c-9a8a-0030485841f8", "name": "gram", "abbreviation": "g", "plural": "grams", "pluralAbbreviation": "grams", "decimal": true}}, {"attribute": "TOCPHA", "description": "Vitamin E (alpha-tocopherol)", "value": 0.0, "unit": {"id": "12485d26-6e69-102c-9a8a-0030485841f8", "name": "gram", "abbreviation": "g", "plural": "grams", "pluralAbbreviation": "grams", "decimal": true}}, {"attribute": "FRUS", "description": "Fructose", "value": 1.47, "unit": {"id": "12485d26-6e69-102c-9a8a-0030485841f8", "name": "gram", "abbreviation": "g", "plural": "grams", "pluralAbbreviation": "grams", "decimal": true}}, {"attribute": "ASP_G", "description": "Aspartic acid", "value": 0.63, "unit": {"id": "12485d26-6e69-102c-9a8a-0030485841f8", "name": "gram", "abbreviation": "g", "plural": "grams", "pluralAbbreviation": "grams", "decimal": true}}, {"attribute": "F4D0", "description": "4:0", "value": 0.69, "unit": {"id": "12485d26-6e69-102c-9a8a-0030485841f8", "name": "gram", "abbreviation": "g", "plural": "grams", "pluralAbbreviation": "grams", "decimal": true}}, {"attribute": "HISTN_G", "description": "Histidine", "value": 0.31, "unit": {"id": "12485d26-6e69-102c-9a8a-0030485841f8", "name": "gram", "abbreviation": "g", "plural": "grams", "pluralAbbreviation": "grams", "decimal": true}}, {"attribute": "VITB6A", "description": "Vitamin B-6", "value": 0.0, "unit": {"id": "12485d26-6e69-102c-9a8a-0030485841f8", "name": "gram", "abbreviation": "g", "plural": "grams", "pluralAbbreviation": "grams", "decimal": true}}, {"attribute": "ENERC_KJ", "description": "Energy", "value": 1491.33, "unit": {"id": "fea252f8-9888-4365-b005-e2c63ed3a776", "name": "calorie", "abbreviation": "kcal", "plural": "calories", "pluralAbbreviation": "kcal", "decimal": true}}, {"attribute": "FE", "description": "Iron, Fe", "value": 0.0, "unit": {"id": "12485d26-6e69-102c-9a8a-0030485841f8", "name": "gram", "abbreviation": "g", "plural": "grams", "pluralAbbreviation": "grams", "decimal": true}}, {"attribute": "TYR_G", "description": "Tyrosine", "value": 0.31, "unit": {"id": "12485d26-6e69-102c-9a8a-0030485841f8", "name": "gram", "abbreviation": "g", "plural": "grams", "pluralAbbreviation": "grams", "decimal": true}}, {"attribute": "FOLFD", "description": "Folate, food", "value": 0.0, "unit": {"id": "12485d26-6e69-102c-9a8a-0030485841f8", "name": "gram", "abbreviation": "g", "plural": "grams", "pluralAbbreviation": "grams", "decimal": true}}, {"attribute": "F18D1T", "description": "18:1 t", "value": 0.38, "unit": {"id": "12485d26-6e69-102c-9a8a-0030485841f8", "name": "gram", "abbreviation": "g", "plural": "grams", "pluralAbbreviation": "grams", "decimal": true}}, {"attribute": "ALA_G", "description": "Alanine", "value": 0.31, "unit": {"id": "12485d26-6e69-102c-9a8a-0030485841f8", "name": "gram", "abbreviation": "g", "plural": "grams", "pluralAbbreviation": "grams", "decimal": true}}, {"attribute": "F16D1", "description": "16:1 undifferentiated", "value": 0.44, "unit": {"id": "12485d26-6e69-102c-9a8a-0030485841f8", "name": "gram", "abbreviation": "g", "plural": "grams", "pluralAbbreviation": "grams", "decimal": true}}, {"attribute": "ARG_G", "description": "Arginine", "value": 0.31, "unit": {"id": "12485d26-6e69-102c-9a8a-0030485841f8", "name": "gram", "abbreviation": "g", "plural": "grams", "pluralAbbreviation": "grams", "decimal": true}}, {"attribute": "GLUS", "description": "Glucose (dextrose)", "value": 1.47, "unit": {"id": "12485d26-6e69-102c-9a8a-0030485841f8", "name": "gram", "abbreviation": "g", "plural": "grams", "pluralAbbreviation": "grams", "decimal": true}}, {"attribute": "F12D0", "description": "12:0", "value": 0.69, "unit": {"id": "12485d26-6e69-102c-9a8a-0030485841f8", "name": "gram", "abbreviation": "g", "plural": "grams", "pluralAbbreviation": "grams", "decimal": true}}, {"attribute": "MN", "description": "Manganese, Mn", "value": 0.0, "unit": {"id": "12485d26-6e69-102c-9a8a-0030485841f8", "name": "gram", "abbreviation": "g", "plural": "grams", "pluralAbbreviation": "grams", "decimal": true}}, {"attribute": "THIA", "description": "Thiamin", "value": 0.0, "unit": {"id": "12485d26-6e69-102c-9a8a-0030485841f8", "name": "gram", "abbreviation": "g", "plural": "grams", "pluralAbbreviation": "grams", "decimal": true}}, {"attribute": "F22D1", "description": "22:1 undifferentiated", "value": 0.01, "unit": {"id": "12485d26-6e69-102c-9a8a-0030485841f8", "name": "gram", "abbreviation": "g", "plural": "grams", "pluralAbbreviation": "grams", "decimal": true}}, {"attribute": "FOLDFE", "description": "Folate, DFE", "value": 101.46, "unit": {"id": "4d783ee4-aa07-4958-84bf-3f4b528049dc", "name": "mcg_DFE", "abbreviation": "mcg_DFE", "plural": "mcg_DFE", "pluralAbbreviation": "mcg_DFE", "decimal": false}}, {"attribute": "STARCH", "description": "Starch", "value": 0.01, "unit": {"id": "12485d26-6e69-102c-9a8a-0030485841f8", "name": "gram", "abbreviation": "g", "plural": "grams", "pluralAbbreviation": "grams", "decimal": true}}, {"attribute": "FASAT", "description": "Fatty acids, total saturated", "value": 13.88, "unit": {"id": "12485d26-6e69-102c-9a8a-0030485841f8", "name": "gram", "abbreviation": "g", "plural": "grams", "pluralAbbreviation": "grams", "decimal": true}}, {"attribute": "F18D2CN6", "description": "18:2 n-6 c,c", "value": 0.25, "unit": {"id": "12485d26-6e69-102c-9a8a-0030485841f8", "name": "gram", "abbreviation": "g", "plural": "grams", "pluralAbbreviation": "grams", "decimal": true}}, {"attribute": "F18D1C", "description": "18:1 c", "value": 2.14, "unit": {"id": "12485d26-6e69-102c-9a8a-0030485841f8", "name": "gram", "abbreviation": "g", "plural": "grams", "pluralAbbreviation": "grams", "decimal": true}}, {"attribute": "SITSTR", "description": "Beta-sitosterol", "value": 0.0, "unit": {"id": "12485d26-6e69-102c-9a8a-0030485841f8", "name": "gram", "abbreviation": "g", "plural": "grams", "pluralAbbreviation": "grams", "decimal": true}}, {"attribute": "VAL_G", "description": "Valine", "value": 0.63, "unit": {"id": "12485d26-6e69-102c-9a8a-0030485841f8", "name": "gram", "abbreviation": "g", "plural": "grams", "pluralAbbreviation": "grams", "decimal": true}}, {"attribute": "PHYSTR", "description": "Phytosterols", "value": 0.03, "unit": {"id": "12485d26-6e69-102c-9a8a-0030485841f8", "name": "gram", "abbreviation": "g", "plural": "grams", "pluralAbbreviation": "grams", "decimal": true}}, {"attribute": "FLD", "description": "Fluoride, F", "value": 0.0, "unit": {"id": "12485d26-6e69-102c-9a8a-0030485841f8", "name": "gram", "abbreviation": "g", "plural": "grams", "pluralAbbreviation": "grams", "decimal": true}}, {"attribute": "K", "description": "Potassium, K", "value": 0.7, "unit": {"id": "12485d26-6e69-102c-9a8a-0030485841f8", "name": "gram", "abbreviation": "g", "plural": "grams", "pluralAbbreviation": "grams", "decimal": true}}], "totalTime": "40 min", "images": [{"hostedSmallUrl": "https://lh3.googleusercontent.com/Ykno7DfjjzDtArQskrTIKq5yTQFiM-H_AFywvZ3SKFnkvtOdqtwYv6rCamH0SIjb2mlClu06O4XlTiUphrojTA=s90", "hostedMediumUrl": "https://lh3.googleusercontent.com/Ykno7DfjjzDtArQskrTIKq5yTQFiM-H_AFywvZ3SKFnkvtOdqtwYv6rCamH0SIjb2mlClu06O4XlTiUphrojTA=s180", "hostedLargeUrl": "https://lh3.googleusercontent.com/Ykno7DfjjzDtArQskrTIKq5yTQFiM-H_AFywvZ3SKFnkvtOdqtwYv6rCamH0SIjb2mlClu06O4XlTiUphrojTA=s360", "imageUrlsBySize": {"90": "https://lh3.googleusercontent.com/tZL-0CuRUnoJ5fYC5LwlSK-Fm0Eoo2vMjpC9F8ymqscM81VddB4jod1LhA7f5TdKqlbX9WQOJyGLN_ejLFOm=s90-c", "360": "https://lh3.googleusercontent.com/tZL-0CuRUnoJ5fYC5LwlSK-Fm0Eoo2vMjpC9F8ymqscM81VddB4jod1LhA7f5TdKqlbX9WQOJyGLN_ejLFOm=s360-c"}}], "name": "Cauliflower Cheese", "source": {"sourceDisplayName": "NDTV Food", "sourceSiteUrl": "food.ndtv.com", "sourceRecipeUrl": "http://food.ndtv.com/recipe-cauliflower-cheese-260986"}, "id": "Cauliflower-Cheese-2139165", "ingredientLines": ["1 medium cauliflower, cut into florets", "50 gm butter", "1/2 tsp cumin seeds", "A pinch of chili powder", "300 ml milk", "50 gm plain flour", "125 gm cheddar cheese, grated", "1/4 tsp salt", "1/4 tsp ground white pepper", "1 tsp English mustard", "1 green chili, finely chopped"], "cookTime": "40 Min", "attribution": {"html": "<a href='http://www.yummly.co/recipe/Cauliflower-Cheese-2139165'>Cauliflower Cheese recipe</a> information powered by <img alt='Yummly' src='https://static.yummly.co/api-logo.png'/>", "url": "http://www.yummly.co/recipe/Cauliflower-Cheese-2139165", "text": "Cauliflower Cheese recipes: information powered by Yummly", "logo": "https://static.yummly.co/api-logo.png"}, "numberOfServings": 4, "totalTimeInSeconds": 2400, "attributes": {"course": ["Main Dishes"], "cuisine": ["English"]}, "cookTimeInSeconds": 2400, "flavors": {"Bitter": 0.5, "Meaty": 0.1667, "Piquant": 0.6667, "Salty": 0.1667, "Sour": 0.8333, "Sweet": 0.1667}, "rating": 3}