{"yield": "makes 2)", "nutritionEstimates": [], "totalTime": "1 hr 45 min", "images": [{"hostedSmallUrl": "http://lh6.ggpht.com/McQIMgvTm6bdwHMl-a7mlNoj2LYRrx5xnL-AbiI6rjyYOEfznmKTal9RcuLyirui871bbboTNGdMkOBdjhfR8Og=s90", "hostedMediumUrl": "http://lh6.ggpht.com/McQIMgvTm6bdwHMl-a7mlNoj2LYRrx5xnL-AbiI6rjyYOEfznmKTal9RcuLyirui871bbboTNGdMkOBdjhfR8Og=s180", "hostedLargeUrl": "http://lh6.ggpht.com/McQIMgvTm6bdwHMl-a7mlNoj2LYRrx5xnL-AbiI6rjyYOEfznmKTal9RcuLyirui871bbboTNGdMkOBdjhfR8Og=s360", "imageUrlsBySize": {"90": "http://lh6.ggpht.com/KfiUCo8LtVDE14F1qMDvlFAMigdLWO9nrDYpo6biR4PoaR-1x_vDQv5QHYkfew6HtlLTQuLnqY82f6VwWFxC=s90-c", "360": "http://lh6.ggpht.com/KfiUCo8LtVDE14F1qMDvlFAMigdLWO9nrDYpo6biR4PoaR-1x_vDQv5QHYkfew6HtlLTQuLnqY82f6VwWFxC=s360-c"}}], "name": "Chicago-Style Deep Dish Pizza", "source": {"sourceDisplayName": "Sally's Baking Addiction", "sourceSiteUrl": "sallysbakingaddiction.com", "sourceRecipeUrl": "http://sallysbakingaddiction.com/2014/12/31/how-to-make-chicago-style-deep-dish-pizza/"}, "id": "Chicago-Style-Deep-Dish-Pizza-972979", "ingredientLines": ["Pizza Crust (makes 2) 3 and 1/4 cups all-purpose flour \u00bd cup yellow cornmeal 1 and 1/4 teaspoons salt 1 Tablespoon granulated sugar 2 and 1/4 teaspoons Red Star Platinum yeast (1 standard packet) 1 and 1/4 cups slightly warm water 1/2 cup unsalted butter, divided (1/4 cup\u00a0melted, 1/4 cup softened) olive oil for coating Tomato Sauce for Both Pizzas 2 Tablespoons unsalted butter 1 small onion, grated (about 1/3 cup)* 3/4 teaspoon salt 1 teaspoon dried oregano 1/2 teaspoon crushed red pepper flakes (optional, but recommended) 3 garlic cloves, minced one 28-ounce can crushed tomatoes* 1/4 teaspoon granulated sugar Toppings for Both Pizzas 4 cups shredded mozzarella cheese* 1/2 cup grated parmesan cheese optional and what I use: handful of pepperoni per pizza, 4 slices cooked and then crumbled bacon (2 per pizza) additional optional toppings, add enough to suit your tastes: cooked and crumbled sausage, thinly sliced green peppers and/or onions, sliced mushrooms", "Pizza Crust (makes 2) 3 and 1/4 cups all-purpose flour \u00bd cup yellow cornmeal 1 and 1/4 teaspoons salt 1 Tablespoon granulated sugar 2 and 1/4 teaspoons Red Star Platinum yeast (1 standard packet) 1 and 1/4 cups slightly warm water 1/2 cup unsalted butter, divided (1/4 cup\u00a0melted, 1/4 cup softened) olive oil for coating Tomato Sauce for Both Pizzas 2 Tablespoons unsalted butter 1 small onion, grated (about 1/3 cup)* 3/4 teaspoon salt 1 teaspoon dried oregano 1/2 teaspoon crushed red pepper flakes (optional, but recommended) 3 garlic cloves, minced one 28-ounce can crushed tomatoes* 1/4 teaspoon granulated sugar Toppings for Both Pizzas 4 cups shredded mozzarella cheese* 1/2 cup grated parmesan cheese optional and what I use: handful of pepperoni per pizza, 4 slices cooked and then crumbled bacon (2 per pizza) additional optional toppings, add enough to suit your tastes: cooked and crumbled sausage, thinly sliced green peppers and/or onions, sliced mushrooms", "Pizza Crust (makes 2) 3 and 1/4 cups all-purpose flour \u00bd cup yellow cornmeal 1 and 1/4 teaspoons salt 1 Tablespoon granulated sugar 2 and 1/4 teaspoons Red Star Platinum yeast (1 standard packet) 1 and 1/4 cups slightly warm water 1/2 cup unsalted butter, divided (1/4 cup\u00a0melted, 1/4 cup softened) olive oil for coating Tomato Sauce for Both Pizzas 2 Tablespoons unsalted butter 1 small onion, grated (about 1/3 cup)* 3/4 teaspoon salt 1 teaspoon dried oregano 1/2 teaspoon crushed red pepper flakes (optional, but recommended) 3 garlic cloves, minced one 28-ounce can crushed tomatoes* 1/4 teaspoon granulated sugar Toppings for Both Pizzas 4 cups shredded mozzarella cheese* 1/2 cup grated parmesan cheese optional and what I use: handful of pepperoni per pizza, 4 slices cooked and then crumbled bacon (2 per pizza) additional optional toppings, add enough to suit your tastes: cooked and crumbled sausage, thinly sliced green peppers and/or onions, sliced mushrooms", "Pizza Crust (makes 2) 3 and 1/4 cups all-purpose flour \u00bd cup yellow cornmeal 1 and 1/4 teaspoons salt 1 Tablespoon granulated sugar 2 and 1/4 teaspoons Red Star Platinum yeast (1 standard packet) 1 and 1/4 cups slightly warm water 1/2 cup unsalted butter, divided (1/4 cup\u00a0melted, 1/4 cup softened) olive oil for coating Tomato Sauce for Both Pizzas 2 Tablespoons unsalted butter 1 small onion, grated (about 1/3 cup)* 3/4 teaspoon salt 1 teaspoon dried oregano 1/2 teaspoon crushed red pepper flakes (optional, but recommended) 3 garlic cloves, minced one 28-ounce can crushed tomatoes* 1/4 teaspoon granulated sugar Toppings for Both Pizzas 4 cups shredded mozzarella cheese* 1/2 cup grated parmesan cheese optional and what I use: handful of pepperoni per pizza, 4 slices cooked and then crumbled bacon (2 per pizza) additional optional toppings, add enough to suit your tastes: cooked and crumbled sausage, thinly sliced green peppers and/or onions, sliced mushrooms", "Pizza Crust (makes 2) 3 and 1/4 cups all-purpose flour \u00bd cup yellow cornmeal 1 and 1/4 teaspoons salt 1 Tablespoon granulated sugar 2 and 1/4 teaspoons Red Star Platinum yeast (1 standard packet) 1 and 1/4 cups slightly warm water 1/2 cup unsalted butter, divided (1/4 cup\u00a0melted, 1/4 cup softened) olive oil for coating Tomato Sauce for Both Pizzas 2 Tablespoons unsalted butter 1 small onion, grated (about 1/3 cup)* 3/4 teaspoon salt 1 teaspoon dried oregano 1/2 teaspoon crushed red pepper flakes (optional, but recommended) 3 garlic cloves, minced one 28-ounce can crushed tomatoes* 1/4 teaspoon granulated sugar Toppings for Both Pizzas 4 cups shredded mozzarella cheese* 1/2 cup grated parmesan cheese optional and what I use: handful of pepperoni per pizza, 4 slices cooked and then crumbled bacon (2 per pizza) additional optional toppings, add enough to suit your tastes: cooked and crumbled sausage, thinly sliced green peppers and/or onions, sliced mushrooms", "Pizza Crust (makes 2) 3 and 1/4 cups all-purpose flour \u00bd cup yellow cornmeal 1 and 1/4 teaspoons salt 1 Tablespoon granulated sugar 2 and 1/4 teaspoons Red Star Platinum yeast (1 standard packet) 1 and 1/4 cups slightly warm water 1/2 cup unsalted butter, divided (1/4 cup\u00a0melted, 1/4 cup softened) olive oil for coating Tomato Sauce for Both Pizzas 2 Tablespoons unsalted butter 1 small onion, grated (about 1/3 cup)* 3/4 teaspoon salt 1 teaspoon dried oregano 1/2 teaspoon crushed red pepper flakes (optional, but recommended) 3 garlic cloves, minced one 28-ounce can crushed tomatoes* 1/4 teaspoon granulated sugar Toppings for Both Pizzas 4 cups shredded mozzarella cheese* 1/2 cup grated parmesan cheese optional and what I use: handful of pepperoni per pizza, 4 slices cooked and then crumbled bacon (2 per pizza) additional optional toppings, add enough to suit your tastes: cooked and crumbled sausage, thinly sliced green peppers and/or onions, sliced mushrooms", "Pizza Crust (makes 2) 3 and 1/4 cups all-purpose flour \u00bd cup yellow cornmeal 1 and 1/4 teaspoons salt 1 Tablespoon granulated sugar 2 and 1/4 teaspoons Red Star Platinum yeast (1 standard packet) 1 and 1/4 cups slightly warm water 1/2 cup unsalted butter, divided (1/4 cup\u00a0melted, 1/4 cup softened) olive oil for coating Tomato Sauce for Both Pizzas 2 Tablespoons unsalted butter 1 small onion, grated (about 1/3 cup)* 3/4 teaspoon salt 1 teaspoon dried oregano 1/2 teaspoon crushed red pepper flakes (optional, but recommended) 3 garlic cloves, minced one 28-ounce can crushed tomatoes* 1/4 teaspoon granulated sugar Toppings for Both Pizzas 4 cups shredded mozzarella cheese* 1/2 cup grated parmesan cheese optional and what I use: handful of pepperoni per pizza, 4 slices cooked and then crumbled bacon (2 per pizza) additional optional toppings, add enough to suit your tastes: cooked and crumbled sausage, thinly sliced green peppers and/or onions, sliced mushrooms", "Pizza Crust (makes 2) 3 and 1/4 cups all-purpose flour \u00bd cup yellow cornmeal 1 and 1/4 teaspoons salt 1 Tablespoon granulated sugar 2 and 1/4 teaspoons Red Star Platinum yeast (1 standard packet) 1 and 1/4 cups slightly warm water 1/2 cup unsalted butter, divided (1/4 cup\u00a0melted, 1/4 cup softened) olive oil for coating Tomato Sauce for Both Pizzas 2 Tablespoons unsalted butter 1 small onion, grated (about 1/3 cup)* 3/4 teaspoon salt 1 teaspoon dried oregano 1/2 teaspoon crushed red pepper flakes (optional, but recommended) 3 garlic cloves, minced one 28-ounce can crushed tomatoes* 1/4 teaspoon granulated sugar Toppings for Both Pizzas 4 cups shredded mozzarella cheese* 1/2 cup grated parmesan cheese optional and what I use: handful of pepperoni per pizza, 4 slices cooked and then crumbled bacon (2 per pizza) additional optional toppings, add enough to suit your tastes: cooked and crumbled sausage, thinly sliced green peppers and/or onions, sliced mushrooms", "Pizza Crust (makes 2) 3 and 1/4 cups all-purpose flour \u00bd cup yellow cornmeal 1 and 1/4 teaspoons salt 1 Tablespoon granulated sugar 2 and 1/4 teaspoons Red Star Platinum yeast (1 standard packet) 1 and 1/4 cups slightly warm water 1/2 cup unsalted butter, divided (1/4 cup\u00a0melted, 1/4 cup softened) olive oil for coating Tomato Sauce for Both Pizzas 2 Tablespoons unsalted butter 1 small onion, grated (about 1/3 cup)* 3/4 teaspoon salt 1 teaspoon dried oregano 1/2 teaspoon crushed red pepper flakes (optional, but recommended) 3 garlic cloves, minced one 28-ounce can crushed tomatoes* 1/4 teaspoon granulated sugar Toppings for Both Pizzas 4 cups shredded mozzarella cheese* 1/2 cup grated parmesan cheese optional and what I use: handful of pepperoni per pizza, 4 slices cooked and then crumbled bacon (2 per pizza) additional optional toppings, add enough to suit your tastes: cooked and crumbled sausage, thinly sliced green peppers and/or onions, sliced mushrooms", "Pizza Crust (makes 2) 3 and 1/4 cups all-purpose flour \u00bd cup yellow cornmeal 1 and 1/4 teaspoons salt 1 Tablespoon granulated sugar 2 and 1/4 teaspoons Red Star Platinum yeast (1 standard packet) 1 and 1/4 cups slightly warm water 1/2 cup unsalted butter, divided (1/4 cup\u00a0melted, 1/4 cup softened) olive oil for coating Tomato Sauce for Both Pizzas 2 Tablespoons unsalted butter 1 small onion, grated (about 1/3 cup)* 3/4 teaspoon salt 1 teaspoon dried oregano 1/2 teaspoon crushed red pepper flakes (optional, but recommended) 3 garlic cloves, minced one 28-ounce can crushed tomatoes* 1/4 teaspoon granulated sugar Toppings for Both Pizzas 4 cups shredded mozzarella cheese* 1/2 cup grated parmesan cheese optional and what I use: handful of pepperoni per pizza, 4 slices cooked and then crumbled bacon (2 per pizza) additional optional toppings, add enough to suit your tastes: cooked and crumbled sausage, thinly sliced green peppers and/or onions, sliced mushrooms", "Pizza Crust (makes 2) 3 and 1/4 cups all-purpose flour \u00bd cup yellow cornmeal 1 and 1/4 teaspoons salt 1 Tablespoon granulated sugar 2 and 1/4 teaspoons Red Star Platinum yeast (1 standard packet) 1 and 1/4 cups slightly warm water 1/2 cup unsalted butter, divided (1/4 cup\u00a0melted, 1/4 cup softened) olive oil for coating Tomato Sauce for Both Pizzas 2 Tablespoons unsalted butter 1 small onion, grated (about 1/3 cup)* 3/4 teaspoon salt 1 teaspoon dried oregano 1/2 teaspoon crushed red pepper flakes (optional, but recommended) 3 garlic cloves, minced one 28-ounce can crushed tomatoes* 1/4 teaspoon granulated sugar Toppings for Both Pizzas 4 cups shredded mozzarella cheese* 1/2 cup grated parmesan cheese optional and what I use: handful of pepperoni per pizza, 4 slices cooked and then crumbled bacon (2 per pizza) additional optional toppings, add enough to suit your tastes: cooked and crumbled sausage, thinly sliced green peppers and/or onions, sliced mushrooms", "Pizza Crust (makes 2) 3 and 1/4 cups all-purpose flour \u00bd cup yellow cornmeal 1 and 1/4 teaspoons salt 1 Tablespoon granulated sugar 2 and 1/4 teaspoons Red Star Platinum yeast (1 standard packet) 1 and 1/4 cups slightly warm water 1/2 cup unsalted butter, divided (1/4 cup\u00a0melted, 1/4 cup softened) olive oil for coating Tomato Sauce for Both Pizzas 2 Tablespoons unsalted butter 1 small onion, grated (about 1/3 cup)* 3/4 teaspoon salt 1 teaspoon dried oregano 1/2 teaspoon crushed red pepper flakes (optional, but recommended) 3 garlic cloves, minced one 28-ounce can crushed tomatoes* 1/4 teaspoon granulated sugar Toppings for Both Pizzas 4 cups shredded mozzarella cheese* 1/2 cup grated parmesan cheese optional and what I use: handful of pepperoni per pizza, 4 slices cooked and then crumbled bacon (2 per pizza) additional optional toppings, add enough to suit your tastes: cooked and crumbled sausage, thinly sliced green peppers and/or onions, sliced mushrooms", "Pizza Crust (makes 2) 3 and 1/4 cups all-purpose flour \u00bd cup yellow cornmeal 1 and 1/4 teaspoons salt 1 Tablespoon granulated sugar 2 and 1/4 teaspoons Red Star Platinum yeast (1 standard packet) 1 and 1/4 cups slightly warm water 1/2 cup unsalted butter, divided (1/4 cup\u00a0melted, 1/4 cup softened) olive oil for coating Tomato Sauce for Both Pizzas 2 Tablespoons unsalted butter 1 small onion, grated (about 1/3 cup)* 3/4 teaspoon salt 1 teaspoon dried oregano 1/2 teaspoon crushed red pepper flakes (optional, but recommended) 3 garlic cloves, minced one 28-ounce can crushed tomatoes* 1/4 teaspoon granulated sugar Toppings for Both Pizzas 4 cups shredded mozzarella cheese* 1/2 cup grated parmesan cheese optional and what I use: handful of pepperoni per pizza, 4 slices cooked and then crumbled bacon (2 per pizza) additional optional toppings, add enough to suit your tastes: cooked and crumbled sausage, thinly sliced green peppers and/or onions, sliced mushrooms", "Pizza Crust (makes 2) 3 and 1/4 cups all-purpose flour \u00bd cup yellow cornmeal 1 and 1/4 teaspoons salt 1 Tablespoon granulated sugar 2 and 1/4 teaspoons Red Star Platinum yeast (1 standard packet) 1 and 1/4 cups slightly warm water 1/2 cup unsalted butter, divided (1/4 cup\u00a0melted, 1/4 cup softened) olive oil for coating Tomato Sauce for Both Pizzas 2 Tablespoons unsalted butter 1 small onion, grated (about 1/3 cup)* 3/4 teaspoon salt 1 teaspoon dried oregano 1/2 teaspoon crushed red pepper flakes (optional, but recommended) 3 garlic cloves, minced one 28-ounce can crushed tomatoes* 1/4 teaspoon granulated sugar Toppings for Both Pizzas 4 cups shredded mozzarella cheese* 1/2 cup grated parmesan cheese optional and what I use: handful of pepperoni per pizza, 4 slices cooked and then crumbled bacon (2 per pizza) additional optional toppings, add enough to suit your tastes: cooked and crumbled sausage, thinly sliced green peppers and/or onions, sliced mushrooms", "Pizza Crust (makes 2) 3 and 1/4 cups all-purpose flour \u00bd cup yellow cornmeal 1 and 1/4 teaspoons salt 1 Tablespoon granulated sugar 2 and 1/4 teaspoons Red Star Platinum yeast (1 standard packet) 1 and 1/4 cups slightly warm water 1/2 cup unsalted butter, divided (1/4 cup\u00a0melted, 1/4 cup softened) olive oil for coating Tomato Sauce for Both Pizzas 2 Tablespoons unsalted butter 1 small onion, grated (about 1/3 cup)* 3/4 teaspoon salt 1 teaspoon dried oregano 1/2 teaspoon crushed red pepper flakes (optional, but recommended) 3 garlic cloves, minced one 28-ounce can crushed tomatoes* 1/4 teaspoon granulated sugar Toppings for Both Pizzas 4 cups shredded mozzarella cheese* 1/2 cup grated parmesan cheese optional and what I use: handful of pepperoni per pizza, 4 slices cooked and then crumbled bacon (2 per pizza) additional optional toppings, add enough to suit your tastes: cooked and crumbled sausage, thinly sliced green peppers and/or onions, sliced mushrooms", "Pizza Crust (makes 2) 3 and 1/4 cups all-purpose flour \u00bd cup yellow cornmeal 1 and 1/4 teaspoons salt 1 Tablespoon granulated sugar 2 and 1/4 teaspoons Red Star Platinum yeast (1 standard packet) 1 and 1/4 cups slightly warm water 1/2 cup unsalted butter, divided (1/4 cup\u00a0melted, 1/4 cup softened) olive oil for coating Tomato Sauce for Both Pizzas 2 Tablespoons unsalted butter 1 small onion, grated (about 1/3 cup)* 3/4 teaspoon salt 1 teaspoon dried oregano 1/2 teaspoon crushed red pepper flakes (optional, but recommended) 3 garlic cloves, minced one 28-ounce can crushed tomatoes* 1/4 teaspoon granulated sugar Toppings for Both Pizzas 4 cups shredded mozzarella cheese* 1/2 cup grated parmesan cheese optional and what I use: handful of pepperoni per pizza, 4 slices cooked and then crumbled bacon (2 per pizza) additional optional toppings, add enough to suit your tastes: cooked and crumbled sausage, thinly sliced green peppers and/or onions, sliced mushrooms", "3 and 1/4 cups all-purpose flour", "\u00bd cup yellow cornmeal", "1 and 1/4 teaspoons salt", "1 Tablespoon granulated sugar", "2 and 1/4 teaspoons Red Star Platinum yeast (1 standard packet)", "1 and 1/4 cups slightly warm water", "1/2 cup unsalted butter, divided (1/4 cup\u00a0melted, 1/4 cup softened)", "olive oil for coating", "2 Tablespoons unsalted butter", "1 small onion, grated (about 1/3 cup)*", "3/4 teaspoon salt", "1 teaspoon dried oregano", "1/2 teaspoon crushed red pepper flakes (optional, but recommended)", "3 garlic cloves, minced", "one 28-ounce can crushed tomatoes*", "1/4 teaspoon granulated sugar"], "attribution": {"html": "<a href='http://www.yummly.co/recipe/Chicago-Style-Deep-Dish-Pizza-972979'>Chicago-Style Deep Dish Pizza recipe</a> information powered by <img alt='Yummly' src='https://static.yummly.co/api-logo.png'/>", "url": "http://www.yummly.co/recipe/Chicago-Style-Deep-Dish-Pizza-972979", "text": "Chicago-Style Deep Dish Pizza recipes: information powered by Yummly", "logo": "https://static.yummly.co/api-logo.png"}, "numberOfServings": 2, "totalTimeInSeconds": 6300, "attributes": {"course": ["Main Dishes"], "cuisine": ["Italian"]}, "flavors": {}, "rating": 4}