{"yield": "4", "nutritionEstimates": [], "totalTime": "25 min", "images": [{"hostedSmallUrl": "http://lh4.ggpht.com/xQo2Xi-RQBxzLGoy-_r8KKn2HZliKWZ4BD69E71XZmPFUEKpTR0mVbzfL0NU8GGm_Osx-WM1R9fqfqMHlitlbQ=s90", "hostedMediumUrl": "http://lh4.ggpht.com/xQo2Xi-RQBxzLGoy-_r8KKn2HZliKWZ4BD69E71XZmPFUEKpTR0mVbzfL0NU8GGm_Osx-WM1R9fqfqMHlitlbQ=s180", "hostedLargeUrl": "http://lh4.ggpht.com/xQo2Xi-RQBxzLGoy-_r8KKn2HZliKWZ4BD69E71XZmPFUEKpTR0mVbzfL0NU8GGm_Osx-WM1R9fqfqMHlitlbQ=s360", "imageUrlsBySize": {"90": "http://lh5.ggpht.com/X_3cT36ASbYj8hb58f7B9gKonmpNtbzkOyg-jrlWrBpfrOcmPSFut4kp7uu2gVVNTX0jK07KA0lUYWw3h70pD6M=s90-c", "360": "http://lh5.ggpht.com/X_3cT36ASbYj8hb58f7B9gKonmpNtbzkOyg-jrlWrBpfrOcmPSFut4kp7uu2gVVNTX0jK07KA0lUYWw3h70pD6M=s360-c"}}], "name": "Chicken Alfredo With Plum Tomatoes", "source": {"sourceDisplayName": "Mizkan Brand", "sourceSiteUrl": "http://www.mizkan.com/Home.aspx", "sourceRecipeUrl": "http://www.yummly.co/recipe/Chicken-alfredo-with-plum-tomatoes-298775"}, "prepTime": "", "id": "Chicken-alfredo-with-plum-tomatoes-298775", "ingredientLines": ["1 Tbsp. Bertolli\u00ae Classico\u2122 Olive Oil", "4  boneless, skinless chicken breast halves (about 1-1/4 lbs.)", "4  plum tomatoes, chopped", "1/3 cup dry white wine or chicken broth", "1 jar Bertolli\u00ae Alfredo Sauce", "1 Tbsp. thinly sliced fresh basil leaves (optional)"], "attribution": {"html": "<a href='http://www.yummly.co/recipe/Chicken-alfredo-with-plum-tomatoes-298775'>Chicken Alfredo With Plum Tomatoes recipe</a> information powered by <img alt='Yummly' src='https://static.yummly.co/api-logo.png'/>", "url": "http://www.yummly.co/recipe/Chicken-alfredo-with-plum-tomatoes-298775", "text": "Chicken Alfredo With Plum Tomatoes recipes: information powered by Yummly", "logo": "https://static.yummly.co/api-logo.png"}, "numberOfServings": 4, "totalTimeInSeconds": 1500, "attributes": {"course": ["Main Dishes"], "cuisine": ["Italian"]}, "flavors": {}, "rating": 4}