{"yield": null, "nutritionEstimates": [], "totalTime": "1 hr", "images": [{"hostedSmallUrl": "https://lh3.googleusercontent.com/YivXmV0YxrRVrWCIs6ZEGDajzeM0t5wOpt2iaJGsbuJGjda0IqFJe7Qh932MUf8RlEWwQe0KUgybBbgVYpHC=s90", "hostedMediumUrl": "https://lh3.googleusercontent.com/YivXmV0YxrRVrWCIs6ZEGDajzeM0t5wOpt2iaJGsbuJGjda0IqFJe7Qh932MUf8RlEWwQe0KUgybBbgVYpHC=s180", "hostedLargeUrl": "https://lh3.googleusercontent.com/YivXmV0YxrRVrWCIs6ZEGDajzeM0t5wOpt2iaJGsbuJGjda0IqFJe7Qh932MUf8RlEWwQe0KUgybBbgVYpHC=s360", "imageUrlsBySize": {"90": "https://lh3.googleusercontent.com/UZJpzp2PLYCNB0kru9qZ3nmzOrl6kvoJWxmdk3J6jQ7eZOocSF4J0mjV-mUSsDRjInHVWE8lGcqbmkFI26RJIg=s90-c", "360": "https://lh3.googleusercontent.com/UZJpzp2PLYCNB0kru9qZ3nmzOrl6kvoJWxmdk3J6jQ7eZOocSF4J0mjV-mUSsDRjInHVWE8lGcqbmkFI26RJIg=s360-c"}}], "name": "Chinese Roasted Chicken", "source": {"sourceDisplayName": "The Spruce", "sourceSiteUrl": "thespruce.com", "sourceRecipeUrl": "https://www.thespruce.com/chinese-roasted-chicken-479489"}, "id": "Chinese-Roasted-Chicken-2016770", "ingredientLines": ["5 carrots, peeled and cut into chunks", "1/4 cup minced ginger root", "1 large onion, chopped", "1 (4 to 5 pound) roasting chicken, cut into pieces", "2 tablespoons soy sauce", "2 teaspoons Chinese five spice powder", "1/2 teaspoon salt", "1/4 teaspoon pepper"], "attribution": {"html": "<a href='http://www.yummly.co/recipe/Chinese-Roasted-Chicken-2016770'>Chinese Roasted Chicken recipe</a> information powered by <img alt='Yummly' src='https://static.yummly.co/api-logo.png'/>", "url": "http://www.yummly.co/recipe/Chinese-Roasted-Chicken-2016770", "text": "Chinese Roasted Chicken recipes: information powered by Yummly", "logo": "https://static.yummly.co/api-logo.png"}, "numberOfServings": 4, "totalTimeInSeconds": 3600, "attributes": {"course": ["Main Dishes"], "cuisine": ["Chinese", "Asian"]}, "flavors": {}, "rating": 4}