{"yield": null, "nutritionEstimates": [], "totalTime": "50 min", "images": [{"hostedSmallUrl": "https://lh3.googleusercontent.com/aShFMFebknmG8Dhcg3HGzMlCKC-XSDPCjwvSjiIT04PTo2EHsce-a3yfJ3cB0zRrRIpSc2sqQ_q6aFOUduMYJd4=s90", "hostedMediumUrl": "https://lh3.googleusercontent.com/aShFMFebknmG8Dhcg3HGzMlCKC-XSDPCjwvSjiIT04PTo2EHsce-a3yfJ3cB0zRrRIpSc2sqQ_q6aFOUduMYJd4=s180", "hostedLargeUrl": "https://lh3.googleusercontent.com/aShFMFebknmG8Dhcg3HGzMlCKC-XSDPCjwvSjiIT04PTo2EHsce-a3yfJ3cB0zRrRIpSc2sqQ_q6aFOUduMYJd4=s360", "imageUrlsBySize": {"90": "https://lh3.googleusercontent.com/lrZyh_y4sYnnt4SHZYPlRvslyY9rW58UoU3Oo59SVQzWfQmVjneilUSt12WrkQS2S-aW_xf0hhPfUyR9AQYM=s90-c", "360": "https://lh3.googleusercontent.com/lrZyh_y4sYnnt4SHZYPlRvslyY9rW58UoU3Oo59SVQzWfQmVjneilUSt12WrkQS2S-aW_xf0hhPfUyR9AQYM=s360-c"}}], "name": "Chorizo and Chickpea Spanish Rice", "source": {"sourceDisplayName": "Onions And Paper", "sourceSiteUrl": "onionsandpaper.blogspot.com", "sourceRecipeUrl": "http://onionsandpaper.blogspot.com/2016/11/recipe-chorizo-and-chickpea-sapanish.html"}, "id": "Chorizo-and-Chickpea-Spanish-Rice-1922524", "ingredientLines": ["This recipe came about when we got a bargain pack of juicy looking Chorizo sausages the other day. I  stuck half the pack in the freezer  then rummaged around the cupboard, fridge and freezer and came up with:", "A small tin of chickpeas", "About a third of a bag of paella rice", "three tomatoes", "the tail end of a bag of frozen broad beans", "1tbs olive oil", "1 onion, chopped", "1 clove garlic, crushed", "1 heaped teaspoon smoked paprika", "1 tablespoon tomato pur\u00e9e"], "attribution": {"html": "<a href='http://www.yummly.co/recipe/Chorizo-and-Chickpea-Spanish-Rice-1922524'>Chorizo and Chickpea Spanish Rice recipe</a> information powered by <img alt='Yummly' src='https://static.yummly.co/api-logo.png'/>", "url": "http://www.yummly.co/recipe/Chorizo-and-Chickpea-Spanish-Rice-1922524", "text": "Chorizo and Chickpea Spanish Rice recipes: information powered by Yummly", "logo": "https://static.yummly.co/api-logo.png"}, "numberOfServings": 4, "totalTimeInSeconds": 3000, "attributes": {"course": ["Main Dishes", "Lunch"], "cuisine": ["Spanish"]}, "flavors": {}, "rating": 4}