{"yield": "serves 4", "nutritionEstimates": [], "prepTimeInSeconds": 2100, "totalTime": "1 hr 55 min", "images": [{"hostedSmallUrl": "http://lh3.googleusercontent.com/1CEUC5BNCKv1hGQ0UCq49ceR949zr1GEUQ2gts5a1mT4oA9pfGaGuL6Rie7L7AgX7p7P88rS1ImlO_-sXNL7Sw=s90", "hostedMediumUrl": "http://lh3.googleusercontent.com/1CEUC5BNCKv1hGQ0UCq49ceR949zr1GEUQ2gts5a1mT4oA9pfGaGuL6Rie7L7AgX7p7P88rS1ImlO_-sXNL7Sw=s180", "hostedLargeUrl": "http://lh3.googleusercontent.com/1CEUC5BNCKv1hGQ0UCq49ceR949zr1GEUQ2gts5a1mT4oA9pfGaGuL6Rie7L7AgX7p7P88rS1ImlO_-sXNL7Sw=s360", "imageUrlsBySize": {"90": "http://lh3.googleusercontent.com/kl3DW3Pbhp5caUNZSqzWEw8JD9ynXLzN1_ZJ1mRsITufPBXlYkZMMGQWQx7oPmmZs9FFsJthmXXGE23ti3z0=s90-c", "360": "http://lh3.googleusercontent.com/kl3DW3Pbhp5caUNZSqzWEw8JD9ynXLzN1_ZJ1mRsITufPBXlYkZMMGQWQx7oPmmZs9FFsJthmXXGE23ti3z0=s360-c"}}], "name": "Classic Salmis of Duck", "source": {"sourceDisplayName": "Hunter, Angler, Gardener, Cook", "sourceSiteUrl": "honest-food.net", "sourceRecipeUrl": "http://honest-food.net/2014/03/14/salmis-of-duck-recipe/"}, "prepTime": "35 minutes", "id": "Classic-Salmis-of-Duck-1094055", "ingredientLines": ["2 to 4 wild ducks (4 teal or 2 bigger ducks)", "Kosher salt and freshly ground pepper", "Kosher salt and freshly ground pepper", "1/2 ounce (about 1 handful) dried mushrooms (porcini are best)", "2 cups hot water", "Small handful of celery sticks, plus 1 celery stalk, chopped", "1/2 cup chopped shallot", "1 carrot, peeled and chopped", "2 bay leaves", "1 teaspoon dried thyme", "1/4 cup brandy", "1 1/2 cups red wine", "1 cup duck stock or beef stock", "1 pound fresh mushrooms (such as button or cremini), sliced", "1/2 cup chopped yellow onion", "1 crusty baguette, cut into thick slices", "2 tablespoons unsalted butter, for finishing the sauce", "Duck liver p\u00e2t\u00e9 (optional)", "Chopped fresh flat-leaf parsley, for garnish"], "cookTime": "1 hour, 20 minutes", "attribution": {"html": "<a href='http://www.yummly.co/recipe/Classic-Salmis-of-Duck-1094055'>Classic Salmis of Duck recipe</a> information powered by <img alt='Yummly' src='https://static.yummly.co/api-logo.png'/>", "url": "http://www.yummly.co/recipe/Classic-Salmis-of-Duck-1094055", "text": "Classic Salmis of Duck recipes: information powered by Yummly", "logo": "https://static.yummly.co/api-logo.png"}, "numberOfServings": 4, "totalTimeInSeconds": 6900, "attributes": {"course": ["Main Dishes"], "cuisine": ["French"]}, "cookTimeInSeconds": 0, "flavors": {}, "rating": 4}