{"yield": "10", "nutritionEstimates": [], "prepTimeInSeconds": 600, "totalTime": "40 min", "images": [{"hostedSmallUrl": "https://lh3.googleusercontent.com/dB1MCgTUTmIGv7-o08O1Kb3PkBrBC-i_e0uNh8a_DTA6nny8DlCSnoSCvJbPoCNpAmJT1CRdp84Kxafe4WII9A=s90", "hostedMediumUrl": "https://lh3.googleusercontent.com/dB1MCgTUTmIGv7-o08O1Kb3PkBrBC-i_e0uNh8a_DTA6nny8DlCSnoSCvJbPoCNpAmJT1CRdp84Kxafe4WII9A=s180", "hostedLargeUrl": "https://lh3.googleusercontent.com/dB1MCgTUTmIGv7-o08O1Kb3PkBrBC-i_e0uNh8a_DTA6nny8DlCSnoSCvJbPoCNpAmJT1CRdp84Kxafe4WII9A=s360", "imageUrlsBySize": {"90": "https://lh3.googleusercontent.com/wY-cbHWiGDnXWGQP5S0A7Kb7a6ZE-ZfWPfIrl4hjkdlO4I5sjiHm9k1dg8dUMJBf1Ot2iQgKYPxw28wp6OaxZ3o=s90-c", "360": "https://lh3.googleusercontent.com/wY-cbHWiGDnXWGQP5S0A7Kb7a6ZE-ZfWPfIrl4hjkdlO4I5sjiHm9k1dg8dUMJBf1Ot2iQgKYPxw28wp6OaxZ3o=s360-c"}}], "name": "Corned Beef and Cabbage Rolls", "source": {"sourceDisplayName": "Real The Kitchen and Beyond", "sourceSiteUrl": "realthekitchenandbeyond.com", "sourceRecipeUrl": "http://www.realthekitchenandbeyond.com/corned-beef-and-cabbage-rolls/"}, "prepTime": "10 Min", "id": "Corned-Beef-and-Cabbage-Rolls-2035201", "ingredientLines": ["10 cooked cabbage leaves", "7 medium potatoes, cooked and mashed", "1 pound corned beef, boiled", "3 cups liquid from cooking the corned beef", "Kerrygold Dubliner Cheese"], "cookTime": "30 Min", "attribution": {"html": "<a href='http://www.yummly.co/recipe/Corned-Beef-and-Cabbage-Rolls-2035201'>Corned Beef and Cabbage Rolls recipe</a> information powered by <img alt='Yummly' src='https://static.yummly.co/api-logo.png'/>", "url": "http://www.yummly.co/recipe/Corned-Beef-and-Cabbage-Rolls-2035201", "text": "Corned Beef and Cabbage Rolls recipes: information powered by Yummly", "logo": "https://static.yummly.co/api-logo.png"}, "numberOfServings": 10, "totalTimeInSeconds": 2400, "attributes": {"course": ["Main Dishes"], "cuisine": ["Irish"], "holiday": ["St. Patrick's Day"]}, "cookTimeInSeconds": 1800, "flavors": {}, "rating": 4}