{"yield": null, "nutritionEstimates": [], "totalTime": "45 min", "images": [{"hostedSmallUrl": "https://lh3.googleusercontent.com/fM0j4vsSrHRk-Rj6BU2wNpPnUqg3bhMHgWX_ELLfThtXLvJb3nCkFldyL4eAUf4WJZPFDi41HOq79eD5vR55Ug=s90", "hostedMediumUrl": "https://lh3.googleusercontent.com/fM0j4vsSrHRk-Rj6BU2wNpPnUqg3bhMHgWX_ELLfThtXLvJb3nCkFldyL4eAUf4WJZPFDi41HOq79eD5vR55Ug=s180", "hostedLargeUrl": "https://lh3.googleusercontent.com/fM0j4vsSrHRk-Rj6BU2wNpPnUqg3bhMHgWX_ELLfThtXLvJb3nCkFldyL4eAUf4WJZPFDi41HOq79eD5vR55Ug=s360", "imageUrlsBySize": {"90": "https://lh3.googleusercontent.com/0k15vWoOip4TWSuU8maBfOH5gdjOIAOhKnCz3Iw8SuLe2zIzjaVjKlQRpTLtN1aOTRexraAD4l00GZVaTy3w=s90-c", "360": "https://lh3.googleusercontent.com/0k15vWoOip4TWSuU8maBfOH5gdjOIAOhKnCz3Iw8SuLe2zIzjaVjKlQRpTLtN1aOTRexraAD4l00GZVaTy3w=s360-c"}}], "name": "Corned Beef And Cabbage", "source": {"sourceDisplayName": "It's A Greyt Vegan Life", "sourceSiteUrl": "greytveganlife.wordpress.com", "sourceRecipeUrl": "http://greytveganlife.wordpress.com/2011/03/16/%E2%99%A5-new-and-improved-corned-beef-and-cabbage/amp/"}, "id": "Corned-Beef-And-Cabbage-2040371", "ingredientLines": ["1 recipe vegan corned beef (beef-style seitan chunks work in a pinch)", "1 large yellow onion, halved then cut into quarters or eighths and separated", "5 carrots, cut into thirds and then halved", "1 bulb garlic, separated and peeled", "1 small head of cabbage, chopped into large chunks (sixths)", "4 Tablespoons chopped fresh parsley", "2 cups vegetable broth", "16 ounces of stout beer", "2 Tablespoons coarse ground mustard", "1 Tablespoon horseradish", "3 Tablespoons malt vinegar", "1 teaspoon coarsely ground black peppercorns", "1 teaspoon dried dill weed", "1 teaspoon coriander seed", "1 bay leaf", "5 Tablespoons whole wheat flour", "1 cup vegetable broth"], "attribution": {"html": "<a href='http://www.yummly.co/recipe/Corned-Beef-And-Cabbage-2040371'>Corned Beef And Cabbage recipe</a> information powered by <img alt='Yummly' src='https://static.yummly.co/api-logo.png'/>", "url": "http://www.yummly.co/recipe/Corned-Beef-And-Cabbage-2040371", "text": "Corned Beef And Cabbage recipes: information powered by Yummly", "logo": "https://static.yummly.co/api-logo.png"}, "numberOfServings": 4, "totalTimeInSeconds": 2700, "attributes": {"course": ["Main Dishes"], "cuisine": ["Irish"], "holiday": ["St. Patrick's Day"]}, "flavors": {}, "rating": 4}