{"yield": "serves 10", "nutritionEstimates": [], "totalTime": "1 hr 30 min", "images": [{"hostedSmallUrl": "http://lh6.ggpht.com/acJy4OqbXEoDSpTniyPGE9xQWaFoE9EVIox5vljaksOcv3wfU6kv0eM41BnTTniV7KdsUQYqtsgzi0JVUABQ=s90", "hostedMediumUrl": "http://lh6.ggpht.com/acJy4OqbXEoDSpTniyPGE9xQWaFoE9EVIox5vljaksOcv3wfU6kv0eM41BnTTniV7KdsUQYqtsgzi0JVUABQ=s180", "hostedLargeUrl": "http://lh6.ggpht.com/acJy4OqbXEoDSpTniyPGE9xQWaFoE9EVIox5vljaksOcv3wfU6kv0eM41BnTTniV7KdsUQYqtsgzi0JVUABQ=s360", "imageUrlsBySize": {"90": "http://lh3.ggpht.com/msHFnOoLGOhd9H23M3sHNKv3TuSS3E9PP7Jc0k_OEzhYriIXe0BRM7OXs8S0woCkwV71yiJSuNEKDwb8-SxQKw=s90-c", "360": "http://lh3.ggpht.com/msHFnOoLGOhd9H23M3sHNKv3TuSS3E9PP7Jc0k_OEzhYriIXe0BRM7OXs8S0woCkwV71yiJSuNEKDwb8-SxQKw=s360-c"}}], "name": "Corned Beef and Cabbage", "source": {"sourceDisplayName": "Saveur", "sourceSiteUrl": "http://www.saveur.com", "sourceRecipeUrl": "http://www.saveur.com/article/Recipes/Saveur-100-2011-Corned-Beef-and-Cabbage"}, "id": "Corned-Beef-and-Cabbage-442202", "ingredientLines": ["1 tbsp. allspice", "1 tbsp. cloves", "1 tbsp. coriander", "1 tbsp. crushed red chile flakes", "1 tbsp. mustard seeds", "1 tbsp. whole black peppercorns", "5 bay leaves, crumbled", "1 \u00bc cups kosher salt, plus more to taste", "\u00be cup sugar", "1 tbsp. pink salt", "1 5-lb. first-cut beef brisket", "4 cloves garlic", "1 medium onion", "3 lbs. small new potatoes, peeled", "1 head green or Savoy cabbage, cored and shredded", "1 tbsp. fresh lemon juice"], "attribution": {"html": "<a href='http://www.yummly.co/recipe/Corned-Beef-and-Cabbage-442202'>Corned Beef and Cabbage recipe</a> information powered by <img alt='Yummly' src='https://static.yummly.co/api-logo.png'/>", "url": "http://www.yummly.co/recipe/Corned-Beef-and-Cabbage-442202", "text": "Corned Beef and Cabbage recipes: information powered by Yummly", "logo": "https://static.yummly.co/api-logo.png"}, "numberOfServings": 10, "totalTimeInSeconds": 5400, "attributes": {"course": ["Main Dishes"], "cuisine": ["Irish"], "holiday": ["St. Patrick's Day"]}, "flavors": {}, "rating": 5}