{"yield": null, "nutritionEstimates": [], "totalTime": "35 min", "images": [{"hostedSmallUrl": "https://lh3.googleusercontent.com/txXcbqdm-qUjffXsgqsV-ITPnfK6fJjrUJi8v2KpAsMnNUDiRt8JGGHuzvczK9_9xCS7cfLxeQp4nufH87LcEN4=s90", "hostedMediumUrl": "https://lh3.googleusercontent.com/txXcbqdm-qUjffXsgqsV-ITPnfK6fJjrUJi8v2KpAsMnNUDiRt8JGGHuzvczK9_9xCS7cfLxeQp4nufH87LcEN4=s180", "hostedLargeUrl": "https://lh3.googleusercontent.com/txXcbqdm-qUjffXsgqsV-ITPnfK6fJjrUJi8v2KpAsMnNUDiRt8JGGHuzvczK9_9xCS7cfLxeQp4nufH87LcEN4=s360", "imageUrlsBySize": {"90": "https://lh3.googleusercontent.com/_I_-J7bF1f6qMNKc_7X_qaNFujM06Yx-GWxZEI4x82Nhzs9hcFe1buxsK4BtdNQP2nAUPeWIKckOdUSkYpRE=s90-c", "360": "https://lh3.googleusercontent.com/_I_-J7bF1f6qMNKc_7X_qaNFujM06Yx-GWxZEI4x82Nhzs9hcFe1buxsK4BtdNQP2nAUPeWIKckOdUSkYpRE=s360-c"}}], "name": "Crunchy Spaghetti Nests", "source": {"sourceDisplayName": "I Love Italian Food", "sourceSiteUrl": "iloveitalianfood.org", "sourceRecipeUrl": "http://www.iloveitalianfood.org/recipes/crunchy-spaghetti-nests/"}, "id": "Crunchy-Spaghetti-Nests-1863611", "ingredientLines": ["breadcrumbs, 3 tbsp", "mixed olives", "mozzarella, 1/2 cup", "spaghetti, 14 oz", "tomato sauce, 10 oz", "pepper", "basil leaves, a handful", "olive oil", "salt", "dried oregano, 1 tbsp"], "attribution": {"html": "<a href='http://www.yummly.co/recipe/Crunchy-Spaghetti-Nests-1863611'>Crunchy Spaghetti Nests recipe</a> information powered by <img alt='Yummly' src='https://static.yummly.co/api-logo.png'/>", "url": "http://www.yummly.co/recipe/Crunchy-Spaghetti-Nests-1863611", "text": "Crunchy Spaghetti Nests recipes: information powered by Yummly", "logo": "https://static.yummly.co/api-logo.png"}, "numberOfServings": 4, "totalTimeInSeconds": 2100, "attributes": {"course": ["Main Dishes", "Lunch"], "cuisine": ["Italian"]}, "flavors": {}, "rating": 3}