{"yield": "serves 2", "nutritionEstimates": [], "totalTime": "25 min", "images": [{"hostedSmallUrl": "http://lh3.googleusercontent.com/4xAee44a3CmOYPAWMGkXeeqxPJNhBV4ufFhpuvdUJFGL6GfLBsoSfRN-3o4NhMSsHBmdtiL0-1StYg7liw7C=s90", "hostedMediumUrl": "http://lh3.googleusercontent.com/4xAee44a3CmOYPAWMGkXeeqxPJNhBV4ufFhpuvdUJFGL6GfLBsoSfRN-3o4NhMSsHBmdtiL0-1StYg7liw7C=s180", "hostedLargeUrl": "http://lh3.googleusercontent.com/4xAee44a3CmOYPAWMGkXeeqxPJNhBV4ufFhpuvdUJFGL6GfLBsoSfRN-3o4NhMSsHBmdtiL0-1StYg7liw7C=s360", "imageUrlsBySize": {"90": "http://lh3.googleusercontent.com/uD2kfP4drS7y3fVzjNjxfAALOzfrvHXwA6s8m_1MKfL-a01jvFKc486vuyZpfoXOuG2rf_gop4Wm4UCOVnaG9g=s90-c", "360": "http://lh3.googleusercontent.com/uD2kfP4drS7y3fVzjNjxfAALOzfrvHXwA6s8m_1MKfL-a01jvFKc486vuyZpfoXOuG2rf_gop4Wm4UCOVnaG9g=s360-c"}}], "name": "Deep fried pork (Tonkatsu)", "source": {"sourceDisplayName": "Soy and Pepper", "sourceSiteUrl": "soyandpepper.com", "sourceRecipeUrl": "http://www.soyandpepper.com/2007/12/deep-fried-pork-tonkatsu.html"}, "id": "Deep-fried-pork-_Tonkatsu_-573525", "ingredientLines": ["2 thin cut pork loin steaks", "salt and pepper", "salt and pepper", "plain flour for dusting", "1 egg, lightly beaten", "Panko breadcrumbs or other light breadcrumbs", "Oil for deep frying"], "attribution": {"html": "<a href='http://www.yummly.co/recipe/Deep-fried-pork-_Tonkatsu_-573525'>Deep fried pork (Tonkatsu) recipe</a> information powered by <img alt='Yummly' src='https://static.yummly.co/api-logo.png'/>", "url": "http://www.yummly.co/recipe/Deep-fried-pork-_Tonkatsu_-573525", "text": "Deep fried pork (Tonkatsu) recipes: information powered by Yummly", "logo": "https://static.yummly.co/api-logo.png"}, "numberOfServings": 2, "totalTimeInSeconds": 1500, "attributes": {"course": ["Main Dishes", "Lunch"], "cuisine": ["Japanese"]}, "flavors": {}, "rating": 4}