{"yield": "Serves: 8-10", "nutritionEstimates": [{"attribute": "FAT_KCAL", "description": null, "value": 350.0, "unit": {"id": "fea252f8-9888-4365-b005-e2c63ed3a776", "name": "calorie", "abbreviation": "kcal", "plural": "calories", "pluralAbbreviation": "kcal", "decimal": true}}, {"attribute": "NA", "description": "Sodium, Na", "value": 0.33, "unit": {"id": "12485d26-6e69-102c-9a8a-0030485841f8", "name": "gram", "abbreviation": "g", "plural": "grams", "pluralAbbreviation": "grams", "decimal": true}}, {"attribute": "MALS", "description": "Maltose", "value": 0.12, "unit": {"id": "12485d26-6e69-102c-9a8a-0030485841f8", "name": "gram", "abbreviation": "g", "plural": "grams", "pluralAbbreviation": "grams", "decimal": true}}, {"attribute": "ZN", "description": "Zinc, Zn", "value": 0.0, "unit": {"id": "12485d26-6e69-102c-9a8a-0030485841f8", "name": "gram", "abbreviation": "g", "plural": "grams", "pluralAbbreviation": "grams", "decimal": true}}, {"attribute": "VITD-", "description": "Vitamin D", "value": 20.27, "unit": {"id": "ed46fe0c-44fe-4c1f-b3a8-880f92e30930", "name": "IU", "abbreviation": "IU", "plural": "IU", "pluralAbbreviation": "IU", "decimal": true}}, {"attribute": "PRO_G", "description": "Proline", "value": 1.44, "unit": {"id": "12485d26-6e69-102c-9a8a-0030485841f8", "name": "gram", "abbreviation": "g", "plural": "grams", "pluralAbbreviation": "grams", "decimal": true}}, {"attribute": "FAT", "description": "Total lipid (fat)", "value": 39.04, "unit": {"id": "12485d26-6e69-102c-9a8a-0030485841f8", "name": "gram", "abbreviation": "g", "plural": "grams", "pluralAbbreviation": "grams", "decimal": true}}, {"attribute": "RIBF", "description": "Riboflavin", "value": 0.0, "unit": {"id": "12485d26-6e69-102c-9a8a-0030485841f8", "name": "gram", "abbreviation": "g", "plural": "grams", "pluralAbbreviation": "grams", "decimal": true}}, {"attribute": "VITC", "description": "Vitamin C, total ascorbic acid", "value": 0.0, "unit": {"id": "12485d26-6e69-102c-9a8a-0030485841f8", "name": "gram", "abbreviation": "g", "plural": "grams", "pluralAbbreviation": "grams", "decimal": true}}, {"attribute": "ENERC_KCAL", "description": "Energy", "value": 514.61, "unit": {"id": "fea252f8-9888-4365-b005-e2c63ed3a776", "name": "calorie", "abbreviation": "kcal", "plural": "calories", "pluralAbbreviation": "kcal", "decimal": true}}, {"attribute": "FATRN", "description": "Fatty acids, total trans", "value": 0.76, "unit": {"id": "12485d26-6e69-102c-9a8a-0030485841f8", "name": "gram", "abbreviation": "g", "plural": "grams", "pluralAbbreviation": "grams", "decimal": true}}, {"attribute": "VITA_IU", "description": "Vitamin A, IU", "value": 654.06, "unit": {"id": "ed46fe0c-44fe-4c1f-b3a8-880f92e30930", "name": "IU", "abbreviation": "IU", "plural": "IU", "pluralAbbreviation": "IU", "decimal": true}}, {"attribute": "ILE_G", "description": "Isoleucine", "value": 1.3, "unit": {"id": "12485d26-6e69-102c-9a8a-0030485841f8", "name": "gram", "abbreviation": "g", "plural": "grams", "pluralAbbreviation": "grams", "decimal": true}}, {"attribute": "SER_G", "description": "Serine", "value": 1.32, "unit": {"id": "12485d26-6e69-102c-9a8a-0030485841f8", "name": "gram", "abbreviation": "g", "plural": "grams", "pluralAbbreviation": "grams", "decimal": true}}, {"attribute": "F18D3", "description": "18:3 undifferentiated", "value": 0.32, "unit": {"id": "12485d26-6e69-102c-9a8a-0030485841f8", "name": "gram", "abbreviation": "g", "plural": "grams", "pluralAbbreviation": "grams", "decimal": true}}, {"attribute": "F16D1C", "description": "16:1 c", "value": 0.05, "unit": {"id": "12485d26-6e69-102c-9a8a-0030485841f8", "name": "gram", "abbreviation": "g", "plural": "grams", "pluralAbbreviation": "grams", "decimal": true}}, {"attribute": "LYS_G", "description": "Lysine", "value": 2.56, "unit": {"id": "12485d26-6e69-102c-9a8a-0030485841f8", "name": "gram", "abbreviation": "g", "plural": "grams", "pluralAbbreviation": "grams", "decimal": true}}, {"attribute": "CARTB", "description": "Carotene, beta", "value": 0.0, "unit": {"id": "12485d26-6e69-102c-9a8a-0030485841f8", "name": "gram", "abbreviation": "g", "plural": "grams", "pluralAbbreviation": "grams", "decimal": true}}, {"attribute": "THR_G", "description": "Threonine", "value": 1.3, "unit": {"id": "12485d26-6e69-102c-9a8a-0030485841f8", "name": "gram", "abbreviation": "g", "plural": "grams", "pluralAbbreviation": "grams", "decimal": true}}, {"attribute": "SUCS", "description": "Sucrose", "value": 0.22, "unit": {"id": "12485d26-6e69-102c-9a8a-0030485841f8", "name": "gram", "abbreviation": "g", "plural": "grams", "pluralAbbreviation": "grams", "decimal": true}}, {"attribute": "FOLAC", "description": "Folic acid", "value": 0.0, "unit": {"id": "12485d26-6e69-102c-9a8a-0030485841f8", "name": "gram", "abbreviation": "g", "plural": "grams", "pluralAbbreviation": "grams", "decimal": true}}, {"attribute": "BETN", "description": "Betaine", "value": 0.01, "unit": {"id": "12485d26-6e69-102c-9a8a-0030485841f8", "name": "gram", "abbreviation": "g", "plural": "grams", "pluralAbbreviation": "grams", "decimal": true}}, {"attribute": "F18D2", "description": "18:2 undifferentiated", "value": 1.75, "unit": {"id": "12485d26-6e69-102c-9a8a-0030485841f8", "name": "gram", "abbreviation": "g", "plural": "grams", "pluralAbbreviation": "grams", "decimal": true}}, {"attribute": "F18D1", "description": "18:1 undifferentiated", "value": 13.44, "unit": {"id": "12485d26-6e69-102c-9a8a-0030485841f8", "name": "gram", "abbreviation": "g", "plural": "grams", "pluralAbbreviation": "grams", "decimal": true}}, {"attribute": "F16D0", "description": "16:0", "value": 9.29, "unit": {"id": "12485d26-6e69-102c-9a8a-0030485841f8", "name": "gram", "abbreviation": "g", "plural": "grams", "pluralAbbreviation": "grams", "decimal": true}}, {"attribute": "GLU_G", "description": "Glutamic acid", "value": 4.15, "unit": {"id": "12485d26-6e69-102c-9a8a-0030485841f8", "name": "gram", "abbreviation": "g", "plural": "grams", "pluralAbbreviation": "grams", "decimal": true}}, {"attribute": "CRYPX", "description": "Cryptoxanthin, beta", "value": 0.0, "unit": {"id": "12485d26-6e69-102c-9a8a-0030485841f8", "name": "gram", "abbreviation": "g", "plural": "grams", "pluralAbbreviation": "grams", "decimal": true}}, {"attribute": "NIA", "description": "Niacin", "value": 0.01, "unit": {"id": "12485d26-6e69-102c-9a8a-0030485841f8", "name": "gram", "abbreviation": "g", "plural": "grams", "pluralAbbreviation": "grams", "decimal": true}}, {"attribute": "VITA_RAE", "description": "Vitamin A, RAE", "value": 179.62, "unit": {"id": "0fcf76b3-891a-403d-883f-58c8809ef151", "name": "mcg_RAE", "abbreviation": "mcg_RAE", "plural": "mcg_RAE", "pluralAbbreviation": "mcg_RAE", "decimal": false}}, {"attribute": "VITB12", "description": "Vitamin B-12", "value": 0.0, "unit": {"id": "12485d26-6e69-102c-9a8a-0030485841f8", "name": "gram", "abbreviation": "g", "plural": "grams", "pluralAbbreviation": "grams", "decimal": true}}, {"attribute": "F14D0", "description": "14:0", "value": 1.61, "unit": {"id": "12485d26-6e69-102c-9a8a-0030485841f8", "name": "gram", "abbreviation": "g", "plural": "grams", "pluralAbbreviation": "grams", "decimal": true}}, {"attribute": "FAPU", "description": "Fatty acids, total polyunsaturated", "value": 1.76, "unit": {"id": "12485d26-6e69-102c-9a8a-0030485841f8", "name": "gram", "abbreviation": "g", "plural": "grams", "pluralAbbreviation": "grams", "decimal": true}}, {"attribute": "CAMD5", "description": "Campesterol", "value": 0.0, "unit": {"id": "12485d26-6e69-102c-9a8a-0030485841f8", "name": "gram", "abbreviation": "g", "plural": "grams", "pluralAbbreviation": "grams", "decimal": true}}, {"attribute": "MG", "description": "Magnesium, Mg", "value": 0.04, "unit": {"id": "12485d26-6e69-102c-9a8a-0030485841f8", "name": "gram", "abbreviation": "g", "plural": "grams", "pluralAbbreviation": "grams", "decimal": true}}, {"attribute": "CA", "description": "Calcium, Ca", "value": 0.08, "unit": {"id": "12485d26-6e69-102c-9a8a-0030485841f8", "name": "gram", "abbreviation": "g", "plural": "grams", "pluralAbbreviation": "grams", "decimal": true}}, {"attribute": "F10D0", "description": "10:0", "value": 0.46, "unit": {"id": "12485d26-6e69-102c-9a8a-0030485841f8", "name": "gram", "abbreviation": "g", "plural": "grams", "pluralAbbreviation": "grams", "decimal": true}}, {"attribute": "CHOLN", "description": "Choline, total", "value": 0.09, "unit": {"id": "12485d26-6e69-102c-9a8a-0030485841f8", "name": "gram", "abbreviation": "g", "plural": "grams", "pluralAbbreviation": "grams", "decimal": true}}, {"attribute": "PANTAC", "description": "Pantothenic acid", "value": 0.0, "unit": {"id": "12485d26-6e69-102c-9a8a-0030485841f8", "name": "gram", "abbreviation": "g", "plural": "grams", "pluralAbbreviation": "grams", "decimal": true}}, {"attribute": "P", "description": "Phosphorus, P", "value": 0.31, "unit": {"id": "12485d26-6e69-102c-9a8a-0030485841f8", "name": "gram", "abbreviation": "g", "plural": "grams", "pluralAbbreviation": "grams", "decimal": true}}, {"attribute": "TOCPHG", "description": "Tocopherol, gamma", "value": 0.0, "unit": {"id": "12485d26-6e69-102c-9a8a-0030485841f8", "name": "gram", "abbreviation": "g", "plural": "grams", "pluralAbbreviation": "grams", "decimal": true}}, {"attribute": "CU", "description": "Copper, Cu", "value": 0.0, "unit": {"id": "12485d26-6e69-102c-9a8a-0030485841f8", "name": "gram", "abbreviation": "g", "plural": "grams", "pluralAbbreviation": "grams", "decimal": true}}, {"attribute": "F17D0", "description": "17:0", "value": 0.05, "unit": {"id": "12485d26-6e69-102c-9a8a-0030485841f8", "name": "gram", "abbreviation": "g", "plural": "grams", "pluralAbbreviation": "grams", "decimal": true}}, {"attribute": "CHOLE", "description": "Cholesterol", "value": 0.19, "unit": {"id": "12485d26-6e69-102c-9a8a-0030485841f8", "name": "gram", "abbreviation": "g", "plural": "grams", "pluralAbbreviation": "grams", "decimal": true}}, {"attribute": "Adjusted Protein", "description": "Adjusted Protein", "value": 0.21, "unit": {"id": "12485d26-6e69-102c-9a8a-0030485841f8", "name": "gram", "abbreviation": "g", "plural": "grams", "pluralAbbreviation": "grams", "decimal": true}}, {"attribute": "CARTA", "description": "Carotene, alpha", "value": 0.0, "unit": {"id": "12485d26-6e69-102c-9a8a-0030485841f8", "name": "gram", "abbreviation": "g", "plural": "grams", "pluralAbbreviation": "grams", "decimal": true}}, {"attribute": "LUT+ZEA", "description": "Lutein + zeaxanthin", "value": 0.0, "unit": {"id": "12485d26-6e69-102c-9a8a-0030485841f8", "name": "gram", "abbreviation": "g", "plural": "grams", "pluralAbbreviation": "grams", "decimal": true}}, {"attribute": "LEU_G", "description": "Leucine", "value": 1.44, "unit": {"id": "12485d26-6e69-102c-9a8a-0030485841f8", "name": "gram", "abbreviation": "g", "plural": "grams", "pluralAbbreviation": "grams", "decimal": true}}, {"attribute": "F18D0", "description": "18:0", "value": 4.86, "unit": {"id": "12485d26-6e69-102c-9a8a-0030485841f8", "name": "gram", "abbreviation": "g", "plural": "grams", "pluralAbbreviation": "grams", "decimal": true}}, {"attribute": "VITK", "description": "Vitamin K (phylloquinone)", "value": 0.0, "unit": {"id": "12485d26-6e69-102c-9a8a-0030485841f8", "name": "gram", "abbreviation": "g", "plural": "grams", "pluralAbbreviation": "grams", "decimal": true}}, {"attribute": "FOL", "description": "Folate, total", "value": 0.0, "unit": {"id": "12485d26-6e69-102c-9a8a-0030485841f8", "name": "gram", "abbreviation": "g", "plural": "grams", "pluralAbbreviation": "grams", "decimal": true}}, {"attribute": "CHOCDF", "description": "Carbohydrate, by difference", "value": 12.45, "unit": {"id": "12485d26-6e69-102c-9a8a-0030485841f8", "name": "gram", "abbreviation": "g", "plural": "grams", "pluralAbbreviation": "grams", "decimal": true}}, {"attribute": "PHE_G", "description": "Phenylalanine", "value": 1.32, "unit": {"id": "12485d26-6e69-102c-9a8a-0030485841f8", "name": "gram", "abbreviation": "g", "plural": "grams", "pluralAbbreviation": "grams", "decimal": true}}, {"attribute": "PROCNT", "description": "Protein", "value": 27.62, "unit": {"id": "12485d26-6e69-102c-9a8a-0030485841f8", "name": "gram", "abbreviation": "g", "plural": "grams", "pluralAbbreviation": "grams", "decimal": true}}, {"attribute": "FIBTG", "description": "Fiber, total dietary", "value": 1.11, "unit": {"id": "12485d26-6e69-102c-9a8a-0030485841f8", "name": "gram", "abbreviation": "g", "plural": "grams", "pluralAbbreviation": "grams", "decimal": true}}, {"attribute": "SE", "description": "Selenium, Se", "value": 0.0, "unit": {"id": "12485d26-6e69-102c-9a8a-0030485841f8", "name": "gram", "abbreviation": "g", "plural": "grams", "pluralAbbreviation": "grams", "decimal": true}}, {"attribute": "ASH", "description": "Ash", "value": 2.53, "unit": {"id": "12485d26-6e69-102c-9a8a-0030485841f8", "name": "gram", "abbreviation": "g", "plural": "grams", "pluralAbbreviation": "grams", "decimal": true}}, {"attribute": "GLY_G", "description": "Glycine", "value": 1.26, "unit": {"id": "12485d26-6e69-102c-9a8a-0030485841f8", "name": "gram", "abbreviation": "g", "plural": "grams", "pluralAbbreviation": "grams", "decimal": true}}, {"attribute": "FAMS", "description": "Fatty acids, total monounsaturated", "value": 14.92, "unit": {"id": "12485d26-6e69-102c-9a8a-0030485841f8", "name": "gram", "abbreviation": "g", "plural": "grams", "pluralAbbreviation": "grams", "decimal": true}}, {"attribute": "F6D0", "description": "6:0", "value": 0.41, "unit": {"id": "12485d26-6e69-102c-9a8a-0030485841f8", "name": "gram", "abbreviation": "g", "plural": "grams", "pluralAbbreviation": "grams", "decimal": true}}, {"attribute": "SUGAR", "description": "Sugars, total", "value": 2.42, "unit": {"id": "12485d26-6e69-102c-9a8a-0030485841f8", "name": "gram", "abbreviation": "g", "plural": "grams", "pluralAbbreviation": "grams", "decimal": true}}, {"attribute": "RETOL", "description": "Retinol", "value": 0.0, "unit": {"id": "12485d26-6e69-102c-9a8a-0030485841f8", "name": "gram", "abbreviation": "g", "plural": "grams", "pluralAbbreviation": "grams", "decimal": true}}, {"attribute": "F8D0", "description": "8:0", "value": 0.05, "unit": {"id": "12485d26-6e69-102c-9a8a-0030485841f8", "name": "gram", "abbreviation": "g", "plural": "grams", "pluralAbbreviation": "grams", "decimal": true}}, {"attribute": "WATER", "description": "Water", "value": 213.05, "unit": {"id": "12485d26-6e69-102c-9a8a-0030485841f8", "name": "gram", "abbreviation": "g", "plural": "grams", "pluralAbbreviation": "grams", "decimal": true}}, {"attribute": "TOCPHA", "description": "Vitamin E (alpha-tocopherol)", "value": 0.0, "unit": {"id": "12485d26-6e69-102c-9a8a-0030485841f8", "name": "gram", "abbreviation": "g", "plural": "grams", "pluralAbbreviation": "grams", "decimal": true}}, {"attribute": "FRUS", "description": "Fructose", "value": 0.46, "unit": {"id": "12485d26-6e69-102c-9a8a-0030485841f8", "name": "gram", "abbreviation": "g", "plural": "grams", "pluralAbbreviation": "grams", "decimal": true}}, {"attribute": "ASP_G", "description": "Aspartic acid", "value": 2.6, "unit": {"id": "12485d26-6e69-102c-9a8a-0030485841f8", "name": "gram", "abbreviation": "g", "plural": "grams", "pluralAbbreviation": "grams", "decimal": true}}, {"attribute": "F4D0", "description": "4:0", "value": 0.46, "unit": {"id": "12485d26-6e69-102c-9a8a-0030485841f8", "name": "gram", "abbreviation": "g", "plural": "grams", "pluralAbbreviation": "grams", "decimal": true}}, {"attribute": "HISTN_G", "description": "Histidine", "value": 1.26, "unit": {"id": "12485d26-6e69-102c-9a8a-0030485841f8", "name": "gram", "abbreviation": "g", "plural": "grams", "pluralAbbreviation": "grams", "decimal": true}}, {"attribute": "VITB6A", "description": "Vitamin B-6", "value": 0.0, "unit": {"id": "12485d26-6e69-102c-9a8a-0030485841f8", "name": "gram", "abbreviation": "g", "plural": "grams", "pluralAbbreviation": "grams", "decimal": true}}, {"attribute": "ENERC_KJ", "description": "Energy", "value": 2150.98, "unit": {"id": "fea252f8-9888-4365-b005-e2c63ed3a776", "name": "calorie", "abbreviation": "kcal", "plural": "calories", "pluralAbbreviation": "kcal", "decimal": true}}, {"attribute": "FE", "description": "Iron, Fe", "value": 0.0, "unit": {"id": "12485d26-6e69-102c-9a8a-0030485841f8", "name": "gram", "abbreviation": "g", "plural": "grams", "pluralAbbreviation": "grams", "decimal": true}}, {"attribute": "TYR_G", "description": "Tyrosine", "value": 1.3, "unit": {"id": "12485d26-6e69-102c-9a8a-0030485841f8", "name": "gram", "abbreviation": "g", "plural": "grams", "pluralAbbreviation": "grams", "decimal": true}}, {"attribute": "FOLFD", "description": "Folate, food", "value": 0.0, "unit": {"id": "12485d26-6e69-102c-9a8a-0030485841f8", "name": "gram", "abbreviation": "g", "plural": "grams", "pluralAbbreviation": "grams", "decimal": true}}, {"attribute": "F18D1T", "description": "18:1 t", "value": 0.14, "unit": {"id": "12485d26-6e69-102c-9a8a-0030485841f8", "name": "gram", "abbreviation": "g", "plural": "grams", "pluralAbbreviation": "grams", "decimal": true}}, {"attribute": "ALA_G", "description": "Alanine", "value": 1.3, "unit": {"id": "12485d26-6e69-102c-9a8a-0030485841f8", "name": "gram", "abbreviation": "g", "plural": "grams", "pluralAbbreviation": "grams", "decimal": true}}, {"attribute": "F16D1", "description": "16:1 undifferentiated", "value": 1.67, "unit": {"id": "12485d26-6e69-102c-9a8a-0030485841f8", "name": "gram", "abbreviation": "g", "plural": "grams", "pluralAbbreviation": "grams", "decimal": true}}, {"attribute": "ARG_G", "description": "Arginine", "value": 1.3, "unit": {"id": "12485d26-6e69-102c-9a8a-0030485841f8", "name": "gram", "abbreviation": "g", "plural": "grams", "pluralAbbreviation": "grams", "decimal": true}}, {"attribute": "GLUS", "description": "Glucose (dextrose)", "value": 0.67, "unit": {"id": "12485d26-6e69-102c-9a8a-0030485841f8", "name": "gram", "abbreviation": "g", "plural": "grams", "pluralAbbreviation": "grams", "decimal": true}}, {"attribute": "F12D0", "description": "12:0", "value": 0.46, "unit": {"id": "12485d26-6e69-102c-9a8a-0030485841f8", "name": "gram", "abbreviation": "g", "plural": "grams", "pluralAbbreviation": "grams", "decimal": true}}, {"attribute": "MN", "description": "Manganese, Mn", "value": 0.0, "unit": {"id": "12485d26-6e69-102c-9a8a-0030485841f8", "name": "gram", "abbreviation": "g", "plural": "grams", "pluralAbbreviation": "grams", "decimal": true}}, {"attribute": "THIA", "description": "Thiamin", "value": 0.0, "unit": {"id": "12485d26-6e69-102c-9a8a-0030485841f8", "name": "gram", "abbreviation": "g", "plural": "grams", "pluralAbbreviation": "grams", "decimal": true}}, {"attribute": "FOLDFE", "description": "Folate, DFE", "value": 47.63, "unit": {"id": "4d783ee4-aa07-4958-84bf-3f4b528049dc", "name": "mcg_DFE", "abbreviation": "mcg_DFE", "plural": "mcg_DFE", "pluralAbbreviation": "mcg_DFE", "decimal": false}}, {"attribute": "STARCH", "description": "Starch", "value": 4.92, "unit": {"id": "12485d26-6e69-102c-9a8a-0030485841f8", "name": "gram", "abbreviation": "g", "plural": "grams", "pluralAbbreviation": "grams", "decimal": true}}, {"attribute": "FASAT", "description": "Fatty acids, total saturated", "value": 18.85, "unit": {"id": "12485d26-6e69-102c-9a8a-0030485841f8", "name": "gram", "abbreviation": "g", "plural": "grams", "pluralAbbreviation": "grams", "decimal": true}}, {"attribute": "F18D2CN6", "description": "18:2 n-6 c,c", "value": 0.09, "unit": {"id": "12485d26-6e69-102c-9a8a-0030485841f8", "name": "gram", "abbreviation": "g", "plural": "grams", "pluralAbbreviation": "grams", "decimal": true}}, {"attribute": "F18D1C", "description": "18:1 c", "value": 0.8, "unit": {"id": "12485d26-6e69-102c-9a8a-0030485841f8", "name": "gram", "abbreviation": "g", "plural": "grams", "pluralAbbreviation": "grams", "decimal": true}}, {"attribute": "SITSTR", "description": "Beta-sitosterol", "value": 0.0, "unit": {"id": "12485d26-6e69-102c-9a8a-0030485841f8", "name": "gram", "abbreviation": "g", "plural": "grams", "pluralAbbreviation": "grams", "decimal": true}}, {"attribute": "VAL_G", "description": "Valine", "value": 1.3, "unit": {"id": "12485d26-6e69-102c-9a8a-0030485841f8", "name": "gram", "abbreviation": "g", "plural": "grams", "pluralAbbreviation": "grams", "decimal": true}}, {"attribute": "PHYSTR", "description": "Phytosterols", "value": 0.0, "unit": {"id": "12485d26-6e69-102c-9a8a-0030485841f8", "name": "gram", "abbreviation": "g", "plural": "grams", "pluralAbbreviation": "grams", "decimal": true}}, {"attribute": "FLD", "description": "Fluoride, F", "value": 0.0, "unit": {"id": "12485d26-6e69-102c-9a8a-0030485841f8", "name": "gram", "abbreviation": "g", "plural": "grams", "pluralAbbreviation": "grams", "decimal": true}}, {"attribute": "K", "description": "Potassium, K", "value": 0.63, "unit": {"id": "12485d26-6e69-102c-9a8a-0030485841f8", "name": "gram", "abbreviation": "g", "plural": "grams", "pluralAbbreviation": "grams", "decimal": true}}], "prepTimeInSeconds": 1800, "totalTime": "1 hr", "images": [{"imageUrlsBySize": {"90": "null=s90-c", "360": "null=s360-c"}}], "name": "Delicious Swedish Meatballs", "source": {"sourceDisplayName": "Food.com", "sourceSiteUrl": "http://www.food.com", "sourceRecipeUrl": "http://www.food.com/recipe/delicious-swedish-meatballs-418590"}, "prepTime": "30 Min", "id": "Delicious-Swedish-Meatballs-Food_com-155038", "ingredientLines": ["1 1/2 lbs ground beef", "1 lb ground pork", "1 teaspoon tarragon", "1 teaspoon allspice", "2 egg yolks", "1 cup breadcrumbs", "1/4 cup heavy cream", "1/4 cup diced onion", "3 tablespoons clarified butter", "1 cup diced onion", "1 cup diced mushroom", "2 tablespoons flour", "3 cups beef stock", "1 tablespoon white pepper", "3/4 cup heavy cream"], "cookTime": "30 Min", "attribution": {"html": "<a href='http://www.yummly.co/recipe/Delicious-Swedish-Meatballs-Food_com-155038'>Delicious Swedish Meatballs recipe</a> information powered by <img alt='Yummly' src='https://static.yummly.co/api-logo.png'/>", "url": "http://www.yummly.co/recipe/Delicious-Swedish-Meatballs-Food_com-155038", "text": "Delicious Swedish Meatballs recipes: information powered by Yummly", "logo": "https://static.yummly.co/api-logo.png"}, "numberOfServings": 9, "totalTimeInSeconds": 3600, "attributes": {"course": ["Main Dishes"], "cuisine": ["Swedish"]}, "cookTimeInSeconds": 1800, "flavors": {"Bitter": 0.1667, "Meaty": 0.6667, "Piquant": 0.1667, "Salty": 0.1667, "Sour": 0.1667, "Sweet": 0.1667}, "rating": 4}