{"yield": "serves 2", "nutritionEstimates": [], "totalTime": "1 hr 25 min", "images": [{"hostedSmallUrl": "https://lh3.googleusercontent.com/WsDQ1WPNP1i-Dg52RKe3e8rVXD95awIjuRMZlUOwF9lb67yqyC5DyfBY4LvIypf0UeVZbtmPUQlI1QVhlo8Ui6A=s90", "hostedMediumUrl": "https://lh3.googleusercontent.com/WsDQ1WPNP1i-Dg52RKe3e8rVXD95awIjuRMZlUOwF9lb67yqyC5DyfBY4LvIypf0UeVZbtmPUQlI1QVhlo8Ui6A=s180", "hostedLargeUrl": "https://lh3.googleusercontent.com/WsDQ1WPNP1i-Dg52RKe3e8rVXD95awIjuRMZlUOwF9lb67yqyC5DyfBY4LvIypf0UeVZbtmPUQlI1QVhlo8Ui6A=s360", "imageUrlsBySize": {"90": "https://lh3.googleusercontent.com/bnqGa-ieKLulB8x7BCN2YdZtgTLLXV199L8O_Jd3Q62AR8wT-b3vAcfrOHJKw6fmLTxHhUsUytnWSMd8Pu45kJA=s90-c", "360": "https://lh3.googleusercontent.com/bnqGa-ieKLulB8x7BCN2YdZtgTLLXV199L8O_Jd3Q62AR8wT-b3vAcfrOHJKw6fmLTxHhUsUytnWSMd8Pu45kJA=s360-c"}}], "name": "Duck Breasts and Confit of Duck Legs", "source": {"sourceDisplayName": "Williams-Sonoma", "sourceSiteUrl": "http://www.williams-sonoma.com", "sourceRecipeUrl": "http://www.williams-sonoma.com/m/recipe/duck-breasts-and-confit-of-duck-legs.html"}, "id": "Duck-Breasts-and-Confit-of-Duck-Legs-1971891", "ingredientLines": ["1 Tbs. dried thyme", "3 bay leaves", "1 cup kosher salt", "2 duck legs, Frenched", "6 Tbs. duck fat", "2 duck breasts, each 1 inch thick", "Kosher salt and freshly ground pepper, to taste", "Kosher salt and freshly ground pepper, to taste", "3 Tbs. duck fat"], "attribution": {"html": "<a href='http://www.yummly.co/recipe/Duck-Breasts-and-Confit-of-Duck-Legs-1971891'>Duck Breasts and Confit of Duck Legs recipe</a> information powered by <img alt='Yummly' src='https://static.yummly.co/api-logo.png'/>", "url": "http://www.yummly.co/recipe/Duck-Breasts-and-Confit-of-Duck-Legs-1971891", "text": "Duck Breasts and Confit of Duck Legs recipes: information powered by Yummly", "logo": "https://static.yummly.co/api-logo.png"}, "numberOfServings": 2, "totalTimeInSeconds": 5100, "attributes": {"course": ["Main Dishes"], "cuisine": ["French"]}, "flavors": {}, "rating": 3}