{"yield": "serves 4", "nutritionEstimates": [], "totalTime": "1 hr 20 min", "images": [{"hostedSmallUrl": "https://lh3.googleusercontent.com/5h42ZJbfZxoKsRgYIGhamqjm8uZ68POdGoXaraf91gMmPfNEry8jfmbuw5cGU0T35dUOBj8ChZiFqxcPCN8F=s90", "hostedMediumUrl": "https://lh3.googleusercontent.com/5h42ZJbfZxoKsRgYIGhamqjm8uZ68POdGoXaraf91gMmPfNEry8jfmbuw5cGU0T35dUOBj8ChZiFqxcPCN8F=s180", "hostedLargeUrl": "https://lh3.googleusercontent.com/5h42ZJbfZxoKsRgYIGhamqjm8uZ68POdGoXaraf91gMmPfNEry8jfmbuw5cGU0T35dUOBj8ChZiFqxcPCN8F=s360", "imageUrlsBySize": {"90": "https://lh3.googleusercontent.com/TV2COwNJTDSP-ysfPGZ4ORV-Qq_KTpZRB8p2ajhqRkwp2XvZL2XADDOqo9JGXNIHMvWaowzaZ8bvR4_zNAXjzw=s90-c", "360": "https://lh3.googleusercontent.com/TV2COwNJTDSP-ysfPGZ4ORV-Qq_KTpZRB8p2ajhqRkwp2XvZL2XADDOqo9JGXNIHMvWaowzaZ8bvR4_zNAXjzw=s360-c"}}], "name": "German Red Cabbage Rolls", "source": {"sourceDisplayName": "My Best German Recipes", "sourceSiteUrl": "mybestgermanrecipes.com", "sourceRecipeUrl": "http://mybestgermanrecipes.com/red-cabbage-rolls/"}, "id": "German-Red-Cabbage-Rolls-1724066", "ingredientLines": ["8 red cabbage leaves", "3 slices bread (toast, wheat)", "1 onion", "500 g ground beef", "3 eggs", "1 tbsp mustard", "salt, pepper to taste", "salt, pepper to taste", "30 g clarified butter", "2 tbsp caraway seeds", "1/4 l broth (instant)", "1/4 l heavy cream", "2-3 tbsp starch"], "attribution": {"html": "<a href='http://www.yummly.co/recipe/German-Red-Cabbage-Rolls-1724066'>German Red Cabbage Rolls recipe</a> information powered by <img alt='Yummly' src='https://static.yummly.co/api-logo.png'/>", "url": "http://www.yummly.co/recipe/German-Red-Cabbage-Rolls-1724066", "text": "German Red Cabbage Rolls recipes: information powered by Yummly", "logo": "https://static.yummly.co/api-logo.png"}, "numberOfServings": 4, "totalTimeInSeconds": 4800, "attributes": {"course": ["Main Dishes"], "cuisine": ["German"]}, "flavors": {}, "rating": 4}