{"yield": "serves 2", "nutritionEstimates": [], "prepTimeInSeconds": 600, "totalTime": "1 hr", "images": [{"hostedSmallUrl": "https://lh3.googleusercontent.com/NsuwL8U0sr7KtHqLr_PNgR1vlbG4FAKFcQl77B798tM3CWo-slhlB5iYDeOoaZHhn1hJxYi9-czGjxxGGEhQ=s90", "hostedMediumUrl": "https://lh3.googleusercontent.com/NsuwL8U0sr7KtHqLr_PNgR1vlbG4FAKFcQl77B798tM3CWo-slhlB5iYDeOoaZHhn1hJxYi9-czGjxxGGEhQ=s180", "hostedLargeUrl": "https://lh3.googleusercontent.com/NsuwL8U0sr7KtHqLr_PNgR1vlbG4FAKFcQl77B798tM3CWo-slhlB5iYDeOoaZHhn1hJxYi9-czGjxxGGEhQ=s360", "imageUrlsBySize": {"90": "https://lh3.googleusercontent.com/ocffxnBjQurF11DLNAhyTySz3Q_mapxvmCBBhqSd-EG_8_-T7YDBnLmhPywLDow4K4LmjlU2zzNfwXyr72quqw=s90-c", "360": "https://lh3.googleusercontent.com/ocffxnBjQurF11DLNAhyTySz3Q_mapxvmCBBhqSd-EG_8_-T7YDBnLmhPywLDow4K4LmjlU2zzNfwXyr72quqw=s360-c"}}], "name": "Greek Chicken Poutine", "source": {"sourceDisplayName": "Curious Cuisiniere", "sourceSiteUrl": "curiouscuisiniere.com", "sourceRecipeUrl": "http://www.curiouscuisiniere.com/greek-chicken-poutine/"}, "prepTime": "10 Min", "id": "Greek-Chicken-Poutine-1458432", "ingredientLines": ["2.5 lbs small Russet Idaho\u00ae potatoes", "1 Tbsp olive oil (divided)", "\u00bd tsp salt", "\u00bc tsp pepper", "1 lb chicken breast", "\u00bc tsp oregano", "\u00bc tsp salt", "\u215b tsp pepper", "2 cloves garlic, peeled and coarsely chopped", "1 Tbsp oregano, dry", "\u00bd tsp salt", "\u215b tsp pepper", "3 lemons, juiced (roughly \u00bc cup)", "\u00bd c olive oil", "\u00bc c Kalamata olives, pitted and sliced", "\u00bd oz feta cheese", "4 oz white cheddar cheese curds (herbed if you can find them, we used shallot and black pepper seasoned cheese curds)"], "cookTime": "50 Min", "attribution": {"html": "<a href='http://www.yummly.co/recipe/Greek-Chicken-Poutine-1458432'>Greek Chicken Poutine recipe</a> information powered by <img alt='Yummly' src='https://static.yummly.co/api-logo.png'/>", "url": "http://www.yummly.co/recipe/Greek-Chicken-Poutine-1458432", "text": "Greek Chicken Poutine recipes: information powered by Yummly", "logo": "https://static.yummly.co/api-logo.png"}, "numberOfServings": 2, "totalTimeInSeconds": 3600, "attributes": {"course": ["Main Dishes"], "cuisine": ["Greek"]}, "cookTimeInSeconds": 3000, "flavors": {}, "rating": 4}