{"yield": "serves 4", "nutritionEstimates": [], "prepTimeInSeconds": 600, "totalTime": "40 min", "images": [{"hostedSmallUrl": "https://lh3.googleusercontent.com/NJ9LcwElooIxHfAbSJpZYvr0dRnCVFiFnHu-ROaOYGKTnmn-2cwg_ytKsJFMOPOB46oOw41yjV-R1hc70yQ6_w=s90", "hostedMediumUrl": "https://lh3.googleusercontent.com/NJ9LcwElooIxHfAbSJpZYvr0dRnCVFiFnHu-ROaOYGKTnmn-2cwg_ytKsJFMOPOB46oOw41yjV-R1hc70yQ6_w=s180", "hostedLargeUrl": "https://lh3.googleusercontent.com/NJ9LcwElooIxHfAbSJpZYvr0dRnCVFiFnHu-ROaOYGKTnmn-2cwg_ytKsJFMOPOB46oOw41yjV-R1hc70yQ6_w=s360", "imageUrlsBySize": {"90": "https://lh3.googleusercontent.com/8C1EbejkGG6qde67nr_ljcLhoYFP22ssnIXU76CA7AI-cgijoWwb-ztU5idDydlw88j5hcxjZ81bIJD2uHKeeg=s90-c", "360": "https://lh3.googleusercontent.com/8C1EbejkGG6qde67nr_ljcLhoYFP22ssnIXU76CA7AI-cgijoWwb-ztU5idDydlw88j5hcxjZ81bIJD2uHKeeg=s360-c"}}], "name": "Grilled Hawaiian Chicken Teriyaki Rice Bowls", "source": {"sourceDisplayName": "Carrie's Home Cooking", "sourceSiteUrl": "carrieshomecooking.com", "sourceRecipeUrl": "http://carrieshomecooking.com/grilled-hawaiian-chicken-teriyaki-rice-bowls/"}, "prepTime": "10 Min", "id": "Grilled-Hawaiian-Chicken-Teriyaki-Rice-Bowls-1794073", "ingredientLines": ["2 cups water", "1 1/2 cups canned unsweetened coconut milk", "2 tsp packed light brown sugar", "1 tsp salt", "2 cups white rice", "3 boneless, skinless chicken breasts, cut into strip or chunks (whichever you prefer)", "2 zucchinis, sliced", "8 mini sweet bell peppers, chopped (I use a variety of red, yellow and orange)", "1 pineapple, peeled and cut into chunks", "1 small red onion, sliced thin", "1 jar of your favorite Teriyaki Sauce"], "cookTime": "30 Min", "attribution": {"html": "<a href='http://www.yummly.co/recipe/Grilled-Hawaiian-Chicken-Teriyaki-Rice-Bowls-1794073'>Grilled Hawaiian Chicken Teriyaki Rice Bowls recipe</a> information powered by <img alt='Yummly' src='https://static.yummly.co/api-logo.png'/>", "url": "http://www.yummly.co/recipe/Grilled-Hawaiian-Chicken-Teriyaki-Rice-Bowls-1794073", "text": "Grilled Hawaiian Chicken Teriyaki Rice Bowls recipes: information powered by Yummly", "logo": "https://static.yummly.co/api-logo.png"}, "numberOfServings": 4, "totalTimeInSeconds": 2400, "attributes": {"course": ["Main Dishes"], "cuisine": ["Hawaiian", "Barbecue"]}, "cookTimeInSeconds": 1800, "flavors": {}, "rating": 4}