{"yield": "4 servings", "nutritionEstimates": [], "totalTime": "25 min", "images": [{"imageUrlsBySize": {"90": "null=s90-c", "360": "null=s360-c"}}], "name": "Hawaiian Chicken with Pineapple Salsa", "source": {"sourceDisplayName": "MyRecipes", "sourceSiteUrl": "http://www.myrecipes.com", "sourceRecipeUrl": "http://www.myrecipes.com/recipe/hawaiian-chicken-with-pineapple-salsa"}, "id": "Hawaiian-Chicken-With-Pineapple-Salsa-My-Recipes", "ingredientLines": ["4 (4-ounce) skinned, boned chicken breast halves", "1 teaspoon ground coriander", "1/2 teaspoon salt", "Cooking spray", "1/4 cup pineapple preserves, divided", "1 (15 1/4-ounce) can pineapple tidbits in juice, drained", "1 (15 1/4-ounce) can pineapple tidbits in juice, drained", "1/4 cup chopped fresh cilantro", "1 tablespoon seasoned rice vinegar", "2 teaspoons minced jalape\u00f1o pepper"], "attribution": {"html": "<a href='http://www.yummly.co/recipe/Hawaiian-Chicken-With-Pineapple-Salsa-My-Recipes'>Hawaiian Chicken with Pineapple Salsa recipe</a> information powered by <img alt='Yummly' src='https://static.yummly.co/api-logo.png'/>", "url": "http://www.yummly.co/recipe/Hawaiian-Chicken-With-Pineapple-Salsa-My-Recipes", "text": "Hawaiian Chicken with Pineapple Salsa recipes: information powered by Yummly", "logo": "https://static.yummly.co/api-logo.png"}, "numberOfServings": 4, "totalTimeInSeconds": 1500, "attributes": {"course": ["Main Dishes"], "cuisine": ["Hawaiian"]}, "flavors": {}, "rating": 3}