{"yield": "4 servings", "nutritionEstimates": [], "totalTime": "35 min", "images": [{"hostedSmallUrl": "https://lh3.googleusercontent.com/LV6EXKGJ5R_C_dAiENLtmovVTwtrVvqmDaxV4u-_R4SdhZIVzK2qvWijrEUSByqJ2G0mKT9uJecgHUE-fe8Zrg=s90", "hostedMediumUrl": "https://lh3.googleusercontent.com/LV6EXKGJ5R_C_dAiENLtmovVTwtrVvqmDaxV4u-_R4SdhZIVzK2qvWijrEUSByqJ2G0mKT9uJecgHUE-fe8Zrg=s180", "hostedLargeUrl": "https://lh3.googleusercontent.com/LV6EXKGJ5R_C_dAiENLtmovVTwtrVvqmDaxV4u-_R4SdhZIVzK2qvWijrEUSByqJ2G0mKT9uJecgHUE-fe8Zrg=s360", "imageUrlsBySize": {"90": "https://lh3.googleusercontent.com/Day6eRfmdaZeS5LhttTxHGbRpVjTwZYTpFbZD1Rl07E-hgfgxhBZfU1OL5zuuoacY3zRW-ueKaLWtyWskNyXCaY=s90-c", "360": "https://lh3.googleusercontent.com/Day6eRfmdaZeS5LhttTxHGbRpVjTwZYTpFbZD1Rl07E-hgfgxhBZfU1OL5zuuoacY3zRW-ueKaLWtyWskNyXCaY=s360-c"}}], "name": "Homemade Fish and Chips", "source": {"sourceDisplayName": "Heinen's Grocery Store", "sourceSiteUrl": "heinens.com", "sourceRecipeUrl": "http://www.heinens.com/blog/recipe-homemade-fish-and-chips/"}, "id": "Homemade-Fish-and-Chips-1537057", "ingredientLines": ["1 pound of fresh cod cut into 4 ounce fillets", "1 cup of all purpose flour", "1 cup of cornstarch", "2 cups of beer or lemon Perrier", "Kosher salt and fresh cracked pepper to taste", "Kosher salt and fresh cracked pepper to taste", "10 to 12 cups of canola oil", "1 cup of mayonnaise", "1/4 cup of chopped capers", "1/2 cup of small diced pickles", "1 tablespoon of pickle juice", "Kosher salt and fresh cracked pepper to taste", "Kosher salt and fresh cracked pepper to taste", "dash of Tabasco sauce", "2 russet potatoes cut into thick batonnet slices", "Kosher salt and fresh cracked pepper to taste", "Kosher salt and fresh cracked pepper to taste", "1/2 cup of sliced green onions", "1/2 cup of shredded asiago cheese", "malt vinegar for garnish"], "attribution": {"html": "<a href='http://www.yummly.co/recipe/Homemade-Fish-and-Chips-1537057'>Homemade Fish and Chips recipe</a> information powered by <img alt='Yummly' src='https://static.yummly.co/api-logo.png'/>", "url": "http://www.yummly.co/recipe/Homemade-Fish-and-Chips-1537057", "text": "Homemade Fish and Chips recipes: information powered by Yummly", "logo": "https://static.yummly.co/api-logo.png"}, "numberOfServings": 4, "totalTimeInSeconds": 2100, "attributes": {"course": ["Main Dishes"], "cuisine": ["English"]}, "flavors": {}, "rating": 3}