{"yield": "4 servings", "nutritionEstimates": [], "prepTimeInSeconds": 1800, "totalTime": "3 hr 50 min", "images": [{"hostedSmallUrl": "http://lh4.ggpht.com/tbT6sRwc6kQH2t5zmtKmh9v2CFP7h71_HyhYg4mREwOe_lDZYhdUpX69SOud38_I1iN5NIkct45H8IhBGFca=s90", "hostedMediumUrl": "http://lh4.ggpht.com/tbT6sRwc6kQH2t5zmtKmh9v2CFP7h71_HyhYg4mREwOe_lDZYhdUpX69SOud38_I1iN5NIkct45H8IhBGFca=s180", "hostedLargeUrl": "http://lh4.ggpht.com/tbT6sRwc6kQH2t5zmtKmh9v2CFP7h71_HyhYg4mREwOe_lDZYhdUpX69SOud38_I1iN5NIkct45H8IhBGFca=s360", "imageUrlsBySize": {"90": "http://lh4.ggpht.com/lQWh2rONzX_rIUExPNce6e4KU2vgW3AG8xuLkweu4rkpnkPw1QYWyN_FCh-q6ZofoGlfXwwMlN3nVpRh3fpvXA=s90-c", "360": "http://lh4.ggpht.com/lQWh2rONzX_rIUExPNce6e4KU2vgW3AG8xuLkweu4rkpnkPw1QYWyN_FCh-q6ZofoGlfXwwMlN3nVpRh3fpvXA=s360-c"}}], "name": "How to Make Duck Confit", "source": {"sourceDisplayName": "Tasting Table", "sourceSiteUrl": "tastingtable.com", "sourceRecipeUrl": "http://www.tastingtable.com/entry_detail/chefs_recipes/18081/How_to_Make_Duck_Confit.htm"}, "prepTime": "30 Min", "id": "How-to-Make-Duck-Confit-1003702", "ingredientLines": ["3 tablespoons salt", "4 skin-on bone-in duck legs, Frenched (see note)", "6 cups duck fat", "4 sprigs thyme", "2 \u00bc-inch round slices of lemon", "2 fresh bay leaves", "1 head garlic, split in half horizontally"], "cookTime": "3 Hr 20 Min", "attribution": {"html": "<a href='http://www.yummly.co/recipe/How-to-Make-Duck-Confit-1003702'>How to Make Duck Confit recipe</a> information powered by <img alt='Yummly' src='https://static.yummly.co/api-logo.png'/>", "url": "http://www.yummly.co/recipe/How-to-Make-Duck-Confit-1003702", "text": "How to Make Duck Confit recipes: information powered by Yummly", "logo": "https://static.yummly.co/api-logo.png"}, "numberOfServings": 4, "totalTimeInSeconds": 13800, "attributes": {"course": ["Main Dishes"], "cuisine": ["French"]}, "cookTimeInSeconds": 12000, "flavors": {}, "rating": 3}