{"yield": "1 serving", "nutritionEstimates": [], "prepTimeInSeconds": 300, "totalTime": "25 min", "images": [{"imageUrlsBySize": {"90": "null=s90-c", "360": "null=s360-c"}}], "name": "Irish Rack of Lamb", "source": {"sourceDisplayName": "Food Network", "sourceSiteUrl": "http://www.foodnetwork.com", "sourceRecipeUrl": "http://www.foodnetwork.com/recipes/bobby-flay/irish-rack-of-lamb-recipe-1938969"}, "prepTime": "5 Min", "id": "Irish-Rack-of-Lamb-Food-Network-218441", "ingredientLines": ["1 tablespoon pure olive oil", "1 teaspoon minced garlic", "1 small branch rosemary", "1/4 lemon, cut into a wedge", "2 ounces Irish whiskey", "1 pinch kosher salt", "1 pinch cracked black pepper", "3 ounces demi-glace (reduction of red wine, vegetables, and veal bones)", "1 ounce brown gravy", "1 tablespoon butter", "1 (6-chop) rack of lamb"], "cookTime": "20 Min", "attribution": {"html": "<a href='http://www.yummly.co/recipe/Irish-Rack-of-Lamb-Food-Network-218441'>Irish Rack of Lamb recipe</a> information powered by <img alt='Yummly' src='https://static.yummly.co/api-logo.png'/>", "url": "http://www.yummly.co/recipe/Irish-Rack-of-Lamb-Food-Network-218441", "text": "Irish Rack of Lamb recipes: information powered by Yummly", "logo": "https://static.yummly.co/api-logo.png"}, "numberOfServings": 1, "totalTimeInSeconds": 1500, "attributes": {"course": ["Main Dishes"], "cuisine": ["Irish", "Barbecue"], "holiday": ["Sunday Lunch"]}, "cookTimeInSeconds": 1200, "flavors": {}, "rating": 3}