{"yield": null, "nutritionEstimates": [], "totalTime": "45 min", "images": [{"hostedSmallUrl": "https://lh3.googleusercontent.com/9FoQLe7mdrYjpH1TWliBydbqbK0z2iP_VNAuu6hmRQsUf5kSJ0bVhfyMFvPz4FPj4zd-Dbw8YZLz9UCLYzxRZKM=s90", "hostedMediumUrl": "https://lh3.googleusercontent.com/9FoQLe7mdrYjpH1TWliBydbqbK0z2iP_VNAuu6hmRQsUf5kSJ0bVhfyMFvPz4FPj4zd-Dbw8YZLz9UCLYzxRZKM=s180", "hostedLargeUrl": "https://lh3.googleusercontent.com/9FoQLe7mdrYjpH1TWliBydbqbK0z2iP_VNAuu6hmRQsUf5kSJ0bVhfyMFvPz4FPj4zd-Dbw8YZLz9UCLYzxRZKM=s360", "imageUrlsBySize": {"90": "https://lh3.googleusercontent.com/gO8F7re1K94M-zBdDucqYnSZUkSJE8GqXAfQE12W8ruYaOBWgupL6aqJKqo-dyzpp2g7e1W5M8YxsdEbV1ns=s90-c", "360": "https://lh3.googleusercontent.com/gO8F7re1K94M-zBdDucqYnSZUkSJE8GqXAfQE12W8ruYaOBWgupL6aqJKqo-dyzpp2g7e1W5M8YxsdEbV1ns=s360-c"}}], "name": "Irish Carnitas", "source": {"sourceDisplayName": "Mantitlement", "sourceSiteUrl": "mantitlement.com", "sourceRecipeUrl": "http://www.mantitlement.com/recipes/irish-carnitas/"}, "id": "Irish-Carnitas-1532484", "ingredientLines": ["1 3-4 lb. corned beef (discard spice packet)", "6 cloves of garlic, peeled and grated", "1 T. canola oil", "\u00bd c. water", "1 c. pineapple juice", "\u00be c. brown sugar", "\u00be c. teriyaki sauce", "\u00be c. dark beer like Guinness", "\u00bc-1/2 t. cayenne pepper", "4 t. cornstarch mixed with 4 teaspoons of water"], "attribution": {"html": "<a href='http://www.yummly.co/recipe/Irish-Carnitas-1532484'>Irish Carnitas recipe</a> information powered by <img alt='Yummly' src='https://static.yummly.co/api-logo.png'/>", "url": "http://www.yummly.co/recipe/Irish-Carnitas-1532484", "text": "Irish Carnitas recipes: information powered by Yummly", "logo": "https://static.yummly.co/api-logo.png"}, "numberOfServings": 4, "totalTimeInSeconds": 2700, "attributes": {"course": ["Main Dishes"], "cuisine": ["Irish"]}, "flavors": {}, "rating": 4}