{"yield": "serves 4", "nutritionEstimates": [{"attribute": "FAT_KCAL", "description": null, "value": 110.0, "unit": {"id": "fea252f8-9888-4365-b005-e2c63ed3a776", "name": "calorie", "abbreviation": "kcal", "plural": "calories", "pluralAbbreviation": "kcal", "decimal": true}}, {"attribute": "NA", "description": "Sodium, Na", "value": 0.09, "unit": {"id": "12485d26-6e69-102c-9a8a-0030485841f8", "name": "gram", "abbreviation": "g", "plural": "grams", "pluralAbbreviation": "grams", "decimal": true}}, {"attribute": "ZN", "description": "Zinc, Zn", "value": 0.0, "unit": {"id": "12485d26-6e69-102c-9a8a-0030485841f8", "name": "gram", "abbreviation": "g", "plural": "grams", "pluralAbbreviation": "grams", "decimal": true}}, {"attribute": "VITD-", "description": "Vitamin D", "value": 2.27, "unit": {"id": "ed46fe0c-44fe-4c1f-b3a8-880f92e30930", "name": "IU", "abbreviation": "IU", "plural": "IU", "pluralAbbreviation": "IU", "decimal": true}}, {"attribute": "PRO_G", "description": "Proline", "value": 0.33, "unit": {"id": "12485d26-6e69-102c-9a8a-0030485841f8", "name": "gram", "abbreviation": "g", "plural": "grams", "pluralAbbreviation": "grams", "decimal": true}}, {"attribute": "FAT", "description": "Total lipid (fat)", "value": 12.25, "unit": {"id": "12485d26-6e69-102c-9a8a-0030485841f8", "name": "gram", "abbreviation": "g", "plural": "grams", "pluralAbbreviation": "grams", "decimal": true}}, {"attribute": "RIBF", "description": "Riboflavin", "value": 0.0, "unit": {"id": "12485d26-6e69-102c-9a8a-0030485841f8", "name": "gram", "abbreviation": "g", "plural": "grams", "pluralAbbreviation": "grams", "decimal": true}}, {"attribute": "TRP_G", "description": "Tryptophan", "value": 0.14, "unit": {"id": "12485d26-6e69-102c-9a8a-0030485841f8", "name": "gram", "abbreviation": "g", "plural": "grams", "pluralAbbreviation": "grams", "decimal": true}}, {"attribute": "VITC", "description": "Vitamin C, total ascorbic acid", "value": 0.0, "unit": {"id": "12485d26-6e69-102c-9a8a-0030485841f8", "name": "gram", "abbreviation": "g", "plural": "grams", "pluralAbbreviation": "grams", "decimal": true}}, {"attribute": "ENERC_KCAL", "description": "Energy", "value": 288.16, "unit": {"id": "fea252f8-9888-4365-b005-e2c63ed3a776", "name": "calorie", "abbreviation": "kcal", "plural": "calories", "pluralAbbreviation": "kcal", "decimal": true}}, {"attribute": "VITA_IU", "description": "Vitamin A, IU", "value": 697.64, "unit": {"id": "ed46fe0c-44fe-4c1f-b3a8-880f92e30930", "name": "IU", "abbreviation": "IU", "plural": "IU", "pluralAbbreviation": "IU", "decimal": true}}, {"attribute": "TOCPHD", "description": "Tocopherol, delta", "value": 0.0, "unit": {"id": "12485d26-6e69-102c-9a8a-0030485841f8", "name": "gram", "abbreviation": "g", "plural": "grams", "pluralAbbreviation": "grams", "decimal": true}}, {"attribute": "ILE_G", "description": "Isoleucine", "value": 0.14, "unit": {"id": "12485d26-6e69-102c-9a8a-0030485841f8", "name": "gram", "abbreviation": "g", "plural": "grams", "pluralAbbreviation": "grams", "decimal": true}}, {"attribute": "SER_G", "description": "Serine", "value": 0.14, "unit": {"id": "12485d26-6e69-102c-9a8a-0030485841f8", "name": "gram", "abbreviation": "g", "plural": "grams", "pluralAbbreviation": "grams", "decimal": true}}, {"attribute": "F18D3", "description": "18:3 undifferentiated", "value": 0.09, "unit": {"id": "12485d26-6e69-102c-9a8a-0030485841f8", "name": "gram", "abbreviation": "g", "plural": "grams", "pluralAbbreviation": "grams", "decimal": true}}, {"attribute": "LYS_G", "description": "Lysine", "value": 0.17, "unit": {"id": "12485d26-6e69-102c-9a8a-0030485841f8", "name": "gram", "abbreviation": "g", "plural": "grams", "pluralAbbreviation": "grams", "decimal": true}}, {"attribute": "CARTB", "description": "Carotene, beta", "value": 0.0, "unit": {"id": "12485d26-6e69-102c-9a8a-0030485841f8", "name": "gram", "abbreviation": "g", "plural": "grams", "pluralAbbreviation": "grams", "decimal": true}}, {"attribute": "THR_G", "description": "Threonine", "value": 0.14, "unit": {"id": "12485d26-6e69-102c-9a8a-0030485841f8", "name": "gram", "abbreviation": "g", "plural": "grams", "pluralAbbreviation": "grams", "decimal": true}}, {"attribute": "SUCS", "description": "Sucrose", "value": 0.09, "unit": {"id": "12485d26-6e69-102c-9a8a-0030485841f8", "name": "gram", "abbreviation": "g", "plural": "grams", "pluralAbbreviation": "grams", "decimal": true}}, {"attribute": "BETN", "description": "Betaine", "value": 0.0, "unit": {"id": "12485d26-6e69-102c-9a8a-0030485841f8", "name": "gram", "abbreviation": "g", "plural": "grams", "pluralAbbreviation": "grams", "decimal": true}}, {"attribute": "F18D2", "description": "18:2 undifferentiated", "value": 0.7, "unit": {"id": "12485d26-6e69-102c-9a8a-0030485841f8", "name": "gram", "abbreviation": "g", "plural": "grams", "pluralAbbreviation": "grams", "decimal": true}}, {"attribute": "F18D1", "description": "18:1 undifferentiated", "value": 5.67, "unit": {"id": "12485d26-6e69-102c-9a8a-0030485841f8", "name": "gram", "abbreviation": "g", "plural": "grams", "pluralAbbreviation": "grams", "decimal": true}}, {"attribute": "F16D0", "description": "16:0", "value": 1.48, "unit": {"id": "12485d26-6e69-102c-9a8a-0030485841f8", "name": "gram", "abbreviation": "g", "plural": "grams", "pluralAbbreviation": "grams", "decimal": true}}, {"attribute": "GLU_G", "description": "Glutamic acid", "value": 0.59, "unit": {"id": "12485d26-6e69-102c-9a8a-0030485841f8", "name": "gram", "abbreviation": "g", "plural": "grams", "pluralAbbreviation": "grams", "decimal": true}}, {"attribute": "CRYPX", "description": "Cryptoxanthin, beta", "value": 0.0, "unit": {"id": "12485d26-6e69-102c-9a8a-0030485841f8", "name": "gram", "abbreviation": "g", "plural": "grams", "pluralAbbreviation": "grams", "decimal": true}}, {"attribute": "NIA", "description": "Niacin", "value": 0.0, "unit": {"id": "12485d26-6e69-102c-9a8a-0030485841f8", "name": "gram", "abbreviation": "g", "plural": "grams", "pluralAbbreviation": "grams", "decimal": true}}, {"attribute": "VITA_RAE", "description": "Vitamin A, RAE", "value": 55.48, "unit": {"id": "0fcf76b3-891a-403d-883f-58c8809ef151", "name": "mcg_RAE", "abbreviation": "mcg_RAE", "plural": "mcg_RAE", "pluralAbbreviation": "mcg_RAE", "decimal": false}}, {"attribute": "VITB12", "description": "Vitamin B-12", "value": 0.0, "unit": {"id": "12485d26-6e69-102c-9a8a-0030485841f8", "name": "gram", "abbreviation": "g", "plural": "grams", "pluralAbbreviation": "grams", "decimal": true}}, {"attribute": "MET_G", "description": "Methionine", "value": 0.14, "unit": {"id": "12485d26-6e69-102c-9a8a-0030485841f8", "name": "gram", "abbreviation": "g", "plural": "grams", "pluralAbbreviation": "grams", "decimal": true}}, {"attribute": "F14D0", "description": "14:0", "value": 0.28, "unit": {"id": "12485d26-6e69-102c-9a8a-0030485841f8", "name": "gram", "abbreviation": "g", "plural": "grams", "pluralAbbreviation": "grams", "decimal": true}}, {"attribute": "FAPU", "description": "Fatty acids, total polyunsaturated", "value": 0.91, "unit": {"id": "12485d26-6e69-102c-9a8a-0030485841f8", "name": "gram", "abbreviation": "g", "plural": "grams", "pluralAbbreviation": "grams", "decimal": true}}, {"attribute": "MG", "description": "Magnesium, Mg", "value": 0.02, "unit": {"id": "12485d26-6e69-102c-9a8a-0030485841f8", "name": "gram", "abbreviation": "g", "plural": "grams", "pluralAbbreviation": "grams", "decimal": true}}, {"attribute": "CA", "description": "Calcium, Ca", "value": 0.13, "unit": {"id": "12485d26-6e69-102c-9a8a-0030485841f8", "name": "gram", "abbreviation": "g", "plural": "grams", "pluralAbbreviation": "grams", "decimal": true}}, {"attribute": "F10D0", "description": "10:0", "value": 0.14, "unit": {"id": "12485d26-6e69-102c-9a8a-0030485841f8", "name": "gram", "abbreviation": "g", "plural": "grams", "pluralAbbreviation": "grams", "decimal": true}}, {"attribute": "CHOLN", "description": "Choline, total", "value": 0.0, "unit": {"id": "12485d26-6e69-102c-9a8a-0030485841f8", "name": "gram", "abbreviation": "g", "plural": "grams", "pluralAbbreviation": "grams", "decimal": true}}, {"attribute": "PANTAC", "description": "Pantothenic acid", "value": 0.0, "unit": {"id": "12485d26-6e69-102c-9a8a-0030485841f8", "name": "gram", "abbreviation": "g", "plural": "grams", "pluralAbbreviation": "grams", "decimal": true}}, {"attribute": "P", "description": "Phosphorus, P", "value": 0.06, "unit": {"id": "12485d26-6e69-102c-9a8a-0030485841f8", "name": "gram", "abbreviation": "g", "plural": "grams", "pluralAbbreviation": "grams", "decimal": true}}, {"attribute": "TOCPHG", "description": "Tocopherol, gamma", "value": 0.0, "unit": {"id": "12485d26-6e69-102c-9a8a-0030485841f8", "name": "gram", "abbreviation": "g", "plural": "grams", "pluralAbbreviation": "grams", "decimal": true}}, {"attribute": "CU", "description": "Copper, Cu", "value": 0.0, "unit": {"id": "12485d26-6e69-102c-9a8a-0030485841f8", "name": "gram", "abbreviation": "g", "plural": "grams", "pluralAbbreviation": "grams", "decimal": true}}, {"attribute": "CHOLE", "description": "Cholesterol", "value": 0.01, "unit": {"id": "12485d26-6e69-102c-9a8a-0030485841f8", "name": "gram", "abbreviation": "g", "plural": "grams", "pluralAbbreviation": "grams", "decimal": true}}, {"attribute": "CARTA", "description": "Carotene, alpha", "value": 0.0, "unit": {"id": "12485d26-6e69-102c-9a8a-0030485841f8", "name": "gram", "abbreviation": "g", "plural": "grams", "pluralAbbreviation": "grams", "decimal": true}}, {"attribute": "LUT+ZEA", "description": "Lutein + zeaxanthin", "value": 0.0, "unit": {"id": "12485d26-6e69-102c-9a8a-0030485841f8", "name": "gram", "abbreviation": "g", "plural": "grams", "pluralAbbreviation": "grams", "decimal": true}}, {"attribute": "LEU_G", "description": "Leucine", "value": 0.31, "unit": {"id": "12485d26-6e69-102c-9a8a-0030485841f8", "name": "gram", "abbreviation": "g", "plural": "grams", "pluralAbbreviation": "grams", "decimal": true}}, {"attribute": "F18D0", "description": "18:0", "value": 0.44, "unit": {"id": "12485d26-6e69-102c-9a8a-0030485841f8", "name": "gram", "abbreviation": "g", "plural": "grams", "pluralAbbreviation": "grams", "decimal": true}}, {"attribute": "VITK", "description": "Vitamin K (phylloquinone)", "value": 0.0, "unit": {"id": "12485d26-6e69-102c-9a8a-0030485841f8", "name": "gram", "abbreviation": "g", "plural": "grams", "pluralAbbreviation": "grams", "decimal": true}}, {"attribute": "FOL", "description": "Folate, total", "value": 0.0, "unit": {"id": "12485d26-6e69-102c-9a8a-0030485841f8", "name": "gram", "abbreviation": "g", "plural": "grams", "pluralAbbreviation": "grams", "decimal": true}}, {"attribute": "CHOCDF", "description": "Carbohydrate, by difference", "value": 36.69, "unit": {"id": "12485d26-6e69-102c-9a8a-0030485841f8", "name": "gram", "abbreviation": "g", "plural": "grams", "pluralAbbreviation": "grams", "decimal": true}}, {"attribute": "PHE_G", "description": "Phenylalanine", "value": 0.14, "unit": {"id": "12485d26-6e69-102c-9a8a-0030485841f8", "name": "gram", "abbreviation": "g", "plural": "grams", "pluralAbbreviation": "grams", "decimal": true}}, {"attribute": "PROCNT", "description": "Protein", "value": 9.17, "unit": {"id": "12485d26-6e69-102c-9a8a-0030485841f8", "name": "gram", "abbreviation": "g", "plural": "grams", "pluralAbbreviation": "grams", "decimal": true}}, {"attribute": "FIBTG", "description": "Fiber, total dietary", "value": 2.51, "unit": {"id": "12485d26-6e69-102c-9a8a-0030485841f8", "name": "gram", "abbreviation": "g", "plural": "grams", "pluralAbbreviation": "grams", "decimal": true}}, {"attribute": "SE", "description": "Selenium, Se", "value": 0.0, "unit": {"id": "12485d26-6e69-102c-9a8a-0030485841f8", "name": "gram", "abbreviation": "g", "plural": "grams", "pluralAbbreviation": "grams", "decimal": true}}, {"attribute": "ASH", "description": "Ash", "value": 0.73, "unit": {"id": "12485d26-6e69-102c-9a8a-0030485841f8", "name": "gram", "abbreviation": "g", "plural": "grams", "pluralAbbreviation": "grams", "decimal": true}}, {"attribute": "GLY_G", "description": "Glycine", "value": 0.17, "unit": {"id": "12485d26-6e69-102c-9a8a-0030485841f8", "name": "gram", "abbreviation": "g", "plural": "grams", "pluralAbbreviation": "grams", "decimal": true}}, {"attribute": "FAMS", "description": "Fatty acids, total monounsaturated", "value": 5.94, "unit": {"id": "12485d26-6e69-102c-9a8a-0030485841f8", "name": "gram", "abbreviation": "g", "plural": "grams", "pluralAbbreviation": "grams", "decimal": true}}, {"attribute": "SUGAR", "description": "Sugars, total", "value": 4.87, "unit": {"id": "12485d26-6e69-102c-9a8a-0030485841f8", "name": "gram", "abbreviation": "g", "plural": "grams", "pluralAbbreviation": "grams", "decimal": true}}, {"attribute": "RETOL", "description": "Retinol", "value": 0.0, "unit": {"id": "12485d26-6e69-102c-9a8a-0030485841f8", "name": "gram", "abbreviation": "g", "plural": "grams", "pluralAbbreviation": "grams", "decimal": true}}, {"attribute": "WATER", "description": "Water", "value": 23.21, "unit": {"id": "12485d26-6e69-102c-9a8a-0030485841f8", "name": "gram", "abbreviation": "g", "plural": "grams", "pluralAbbreviation": "grams", "decimal": true}}, {"attribute": "TOCPHA", "description": "Vitamin E (alpha-tocopherol)", "value": 0.0, "unit": {"id": "12485d26-6e69-102c-9a8a-0030485841f8", "name": "gram", "abbreviation": "g", "plural": "grams", "pluralAbbreviation": "grams", "decimal": true}}, {"attribute": "FRUS", "description": "Fructose", "value": 0.09, "unit": {"id": "12485d26-6e69-102c-9a8a-0030485841f8", "name": "gram", "abbreviation": "g", "plural": "grams", "pluralAbbreviation": "grams", "decimal": true}}, {"attribute": "F18D3CN3", "description": "18:3 n-3 c,c,c", "value": 0.03, "unit": {"id": "12485d26-6e69-102c-9a8a-0030485841f8", "name": "gram", "abbreviation": "g", "plural": "grams", "pluralAbbreviation": "grams", "decimal": true}}, {"attribute": "ASP_G", "description": "Aspartic acid", "value": 0.31, "unit": {"id": "12485d26-6e69-102c-9a8a-0030485841f8", "name": "gram", "abbreviation": "g", "plural": "grams", "pluralAbbreviation": "grams", "decimal": true}}, {"attribute": "F4D0", "description": "4:0", "value": 0.14, "unit": {"id": "12485d26-6e69-102c-9a8a-0030485841f8", "name": "gram", "abbreviation": "g", "plural": "grams", "pluralAbbreviation": "grams", "decimal": true}}, {"attribute": "HISTN_G", "description": "Histidine", "value": 0.14, "unit": {"id": "12485d26-6e69-102c-9a8a-0030485841f8", "name": "gram", "abbreviation": "g", "plural": "grams", "pluralAbbreviation": "grams", "decimal": true}}, {"attribute": "VITB6A", "description": "Vitamin B-6", "value": 0.0, "unit": {"id": "12485d26-6e69-102c-9a8a-0030485841f8", "name": "gram", "abbreviation": "g", "plural": "grams", "pluralAbbreviation": "grams", "decimal": true}}, {"attribute": "ENERC_KJ", "description": "Energy", "value": 476.49, "unit": {"id": "fea252f8-9888-4365-b005-e2c63ed3a776", "name": "calorie", "abbreviation": "kcal", "plural": "calories", "pluralAbbreviation": "kcal", "decimal": true}}, {"attribute": "FE", "description": "Iron, Fe", "value": 0.0, "unit": {"id": "12485d26-6e69-102c-9a8a-0030485841f8", "name": "gram", "abbreviation": "g", "plural": "grams", "pluralAbbreviation": "grams", "decimal": true}}, {"attribute": "TYR_G", "description": "Tyrosine", "value": 0.14, "unit": {"id": "12485d26-6e69-102c-9a8a-0030485841f8", "name": "gram", "abbreviation": "g", "plural": "grams", "pluralAbbreviation": "grams", "decimal": true}}, {"attribute": "FOLFD", "description": "Folate, food", "value": 0.0, "unit": {"id": "12485d26-6e69-102c-9a8a-0030485841f8", "name": "gram", "abbreviation": "g", "plural": "grams", "pluralAbbreviation": "grams", "decimal": true}}, {"attribute": "ALA_G", "description": "Alanine", "value": 0.17, "unit": {"id": "12485d26-6e69-102c-9a8a-0030485841f8", "name": "gram", "abbreviation": "g", "plural": "grams", "pluralAbbreviation": "grams", "decimal": true}}, {"attribute": "F16D1", "description": "16:1 undifferentiated", "value": 0.21, "unit": {"id": "12485d26-6e69-102c-9a8a-0030485841f8", "name": "gram", "abbreviation": "g", "plural": "grams", "pluralAbbreviation": "grams", "decimal": true}}, {"attribute": "ARG_G", "description": "Arginine", "value": 0.14, "unit": {"id": "12485d26-6e69-102c-9a8a-0030485841f8", "name": "gram", "abbreviation": "g", "plural": "grams", "pluralAbbreviation": "grams", "decimal": true}}, {"attribute": "GLUS", "description": "Glucose (dextrose)", "value": 0.33, "unit": {"id": "12485d26-6e69-102c-9a8a-0030485841f8", "name": "gram", "abbreviation": "g", "plural": "grams", "pluralAbbreviation": "grams", "decimal": true}}, {"attribute": "F12D0", "description": "12:0", "value": 0.14, "unit": {"id": "12485d26-6e69-102c-9a8a-0030485841f8", "name": "gram", "abbreviation": "g", "plural": "grams", "pluralAbbreviation": "grams", "decimal": true}}, {"attribute": "MN", "description": "Manganese, Mn", "value": 0.0, "unit": {"id": "12485d26-6e69-102c-9a8a-0030485841f8", "name": "gram", "abbreviation": "g", "plural": "grams", "pluralAbbreviation": "grams", "decimal": true}}, {"attribute": "FOLDFE", "description": "Folate, DFE", "value": 15.43, "unit": {"id": "4d783ee4-aa07-4958-84bf-3f4b528049dc", "name": "mcg_DFE", "abbreviation": "mcg_DFE", "plural": "mcg_DFE", "pluralAbbreviation": "mcg_DFE", "decimal": false}}, {"attribute": "FASAT", "description": "Fatty acids, total saturated", "value": 3.38, "unit": {"id": "12485d26-6e69-102c-9a8a-0030485841f8", "name": "gram", "abbreviation": "g", "plural": "grams", "pluralAbbreviation": "grams", "decimal": true}}, {"attribute": "F18D1C", "description": "18:1 c", "value": 0.03, "unit": {"id": "12485d26-6e69-102c-9a8a-0030485841f8", "name": "gram", "abbreviation": "g", "plural": "grams", "pluralAbbreviation": "grams", "decimal": true}}, {"attribute": "VAL_G", "description": "Valine", "value": 0.17, "unit": {"id": "12485d26-6e69-102c-9a8a-0030485841f8", "name": "gram", "abbreviation": "g", "plural": "grams", "pluralAbbreviation": "grams", "decimal": true}}, {"attribute": "PHYSTR", "description": "Phytosterols", "value": 0.02, "unit": {"id": "12485d26-6e69-102c-9a8a-0030485841f8", "name": "gram", "abbreviation": "g", "plural": "grams", "pluralAbbreviation": "grams", "decimal": true}}, {"attribute": "FLD", "description": "Fluoride, F", "value": 0.0, "unit": {"id": "12485d26-6e69-102c-9a8a-0030485841f8", "name": "gram", "abbreviation": "g", "plural": "grams", "pluralAbbreviation": "grams", "decimal": true}}, {"attribute": "K", "description": "Potassium, K", "value": 0.08, "unit": {"id": "12485d26-6e69-102c-9a8a-0030485841f8", "name": "gram", "abbreviation": "g", "plural": "grams", "pluralAbbreviation": "grams", "decimal": true}}], "prepTimeInSeconds": 0, "totalTime": "1 hr 30 min", "images": [{"hostedSmallUrl": "http://lh3.googleusercontent.com/h35H_S2gkj5vTCb1juGG4Qwy7hdFKI8jBH3YxvLt7wgptE5PVyFFCNkxlU62WoipNqfb0dl-Kkgjf178Ux-qZw=s90", "hostedMediumUrl": "http://lh3.googleusercontent.com/h35H_S2gkj5vTCb1juGG4Qwy7hdFKI8jBH3YxvLt7wgptE5PVyFFCNkxlU62WoipNqfb0dl-Kkgjf178Ux-qZw=s180", "hostedLargeUrl": "http://lh3.googleusercontent.com/h35H_S2gkj5vTCb1juGG4Qwy7hdFKI8jBH3YxvLt7wgptE5PVyFFCNkxlU62WoipNqfb0dl-Kkgjf178Ux-qZw=s360", "imageUrlsBySize": {"90": "https://lh3.googleusercontent.com/X-O7Q-YwYgZeCGC6jtGnc7EW6Q50qgnbD-0qpIG2OidoC9R2TkwNDJUCGaDPWyyDdQCdT3vc7uZaec1O6ihYGg=s90-c", "360": "https://lh3.googleusercontent.com/X-O7Q-YwYgZeCGC6jtGnc7EW6Q50qgnbD-0qpIG2OidoC9R2TkwNDJUCGaDPWyyDdQCdT3vc7uZaec1O6ihYGg=s360-c"}}], "name": "Italian Sausage and Basil Pizza!", "source": {"sourceDisplayName": "Kecia's Flavor Breakthrough", "sourceSiteUrl": "keciasflavorbreakthrough.com", "sourceRecipeUrl": "http://keciasflavorbreakthrough.com/italian-sausage-and-basil-pizza/"}, "prepTime": "1 hour", "id": "Italian-Sausage-and-Basil-Pizza_-1314799", "ingredientLines": ["1 Pizza crust (My favorite recipe)", "\u00bd pound ground Italian sausage, browned and drained", "1 cup fresh basil, julienned", "\u00bc red onion, sliced", "2 tbsp. Extra Virgin Olive Oil", "2 cups shredded Mozzarella", "Italian seasoning"], "cookTime": "30 minutes", "attribution": {"html": "<a href='http://www.yummly.co/recipe/Italian-Sausage-and-Basil-Pizza_-1314799'>Italian Sausage and Basil Pizza! recipe</a> information powered by <img alt='Yummly' src='https://static.yummly.co/api-logo.png'/>", "url": "http://www.yummly.co/recipe/Italian-Sausage-and-Basil-Pizza_-1314799", "text": "Italian Sausage and Basil Pizza! recipes: information powered by Yummly", "logo": "https://static.yummly.co/api-logo.png"}, "numberOfServings": 4, "totalTimeInSeconds": 5400, "attributes": {"course": ["Main Dishes"], "cuisine": ["Italian"]}, "cookTimeInSeconds": 1800, "flavors": {"Bitter": 0.1667, "Meaty": 0.3333, "Piquant": 0.0, "Salty": 0.1667, "Sour": 0.1667, "Sweet": 0.3333}, "rating": 4}