{"yield": null, "nutritionEstimates": [{"attribute": "FAT_KCAL", "description": null, "value": 410.0, "unit": {"id": "fea252f8-9888-4365-b005-e2c63ed3a776", "name": "calorie", "abbreviation": "kcal", "plural": "calories", "pluralAbbreviation": "kcal", "decimal": true}}, {"attribute": "THR_G", "description": "Threonine", "value": 1.13, "unit": {"id": "12485d26-6e69-102c-9a8a-0030485841f8", "name": "gram", "abbreviation": "g", "plural": "grams", "pluralAbbreviation": "grams", "decimal": true}}, {"attribute": "SUCS", "description": "Sucrose", "value": 0.2, "unit": {"id": "12485d26-6e69-102c-9a8a-0030485841f8", "name": "gram", "abbreviation": "g", "plural": "grams", "pluralAbbreviation": "grams", "decimal": true}}, {"attribute": "BETN", "description": "Betaine", "value": 0.0, "unit": {"id": "12485d26-6e69-102c-9a8a-0030485841f8", "name": "gram", "abbreviation": "g", "plural": "grams", "pluralAbbreviation": "grams", "decimal": true}}, {"attribute": "F18D2", "description": "18:2 undifferentiated", "value": 4.55, "unit": {"id": "12485d26-6e69-102c-9a8a-0030485841f8", "name": "gram", "abbreviation": "g", "plural": "grams", "pluralAbbreviation": "grams", "decimal": true}}, {"attribute": "F18D1", "description": "18:1 undifferentiated", "value": 17.47, "unit": {"id": "12485d26-6e69-102c-9a8a-0030485841f8", "name": "gram", "abbreviation": "g", "plural": "grams", "pluralAbbreviation": "grams", "decimal": true}}, {"attribute": "F16D0", "description": "16:0", "value": 10.66, "unit": {"id": "12485d26-6e69-102c-9a8a-0030485841f8", "name": "gram", "abbreviation": "g", "plural": "grams", "pluralAbbreviation": "grams", "decimal": true}}, {"attribute": "GLU_G", "description": "Glutamic acid", "value": 3.19, "unit": {"id": "12485d26-6e69-102c-9a8a-0030485841f8", "name": "gram", "abbreviation": "g", "plural": "grams", "pluralAbbreviation": "grams", "decimal": true}}, {"attribute": "CRYPX", "description": "Cryptoxanthin, beta", "value": 0.0, "unit": {"id": "12485d26-6e69-102c-9a8a-0030485841f8", "name": "gram", "abbreviation": "g", "plural": "grams", "pluralAbbreviation": "grams", "decimal": true}}, {"attribute": "NIA", "description": "Niacin", "value": 0.0, "unit": {"id": "12485d26-6e69-102c-9a8a-0030485841f8", "name": "gram", "abbreviation": "g", "plural": "grams", "pluralAbbreviation": "grams", "decimal": true}}, {"attribute": "VITA_RAE", "description": "Vitamin A, RAE", "value": 92.77, "unit": {"id": "0fcf76b3-891a-403d-883f-58c8809ef151", "name": "mcg_RAE", "abbreviation": "mcg_RAE", "plural": "mcg_RAE", "pluralAbbreviation": "mcg_RAE", "decimal": false}}, {"attribute": "VITB12", "description": "Vitamin B-12", "value": 0.0, "unit": {"id": "12485d26-6e69-102c-9a8a-0030485841f8", "name": "gram", "abbreviation": "g", "plural": "grams", "pluralAbbreviation": "grams", "decimal": true}}, {"attribute": "F14D0", "description": "14:0", "value": 2.04, "unit": {"id": "12485d26-6e69-102c-9a8a-0030485841f8", "name": "gram", "abbreviation": "g", "plural": "grams", "pluralAbbreviation": "grams", "decimal": true}}, {"attribute": "FAPU", "description": "Fatty acids, total polyunsaturated", "value": 4.55, "unit": {"id": "12485d26-6e69-102c-9a8a-0030485841f8", "name": "gram", "abbreviation": "g", "plural": "grams", "pluralAbbreviation": "grams", "decimal": true}}, {"attribute": "MG", "description": "Magnesium, Mg", "value": 0.03, "unit": {"id": "12485d26-6e69-102c-9a8a-0030485841f8", "name": "gram", "abbreviation": "g", "plural": "grams", "pluralAbbreviation": "grams", "decimal": true}}, {"attribute": "CA", "description": "Calcium, Ca", "value": 0.12, "unit": {"id": "12485d26-6e69-102c-9a8a-0030485841f8", "name": "gram", "abbreviation": "g", "plural": "grams", "pluralAbbreviation": "grams", "decimal": true}}, {"attribute": "CHOLN", "description": "Choline, total", "value": 0.02, "unit": {"id": "12485d26-6e69-102c-9a8a-0030485841f8", "name": "gram", "abbreviation": "g", "plural": "grams", "pluralAbbreviation": "grams", "decimal": true}}, {"attribute": "PANTAC", "description": "Pantothenic acid", "value": 0.0, "unit": {"id": "12485d26-6e69-102c-9a8a-0030485841f8", "name": "gram", "abbreviation": "g", "plural": "grams", "pluralAbbreviation": "grams", "decimal": true}}, {"attribute": "P", "description": "Phosphorus, P", "value": 0.26, "unit": {"id": "12485d26-6e69-102c-9a8a-0030485841f8", "name": "gram", "abbreviation": "g", "plural": "grams", "pluralAbbreviation": "grams", "decimal": true}}, {"attribute": "TOCPHG", "description": "Tocopherol, gamma", "value": 0.0, "unit": {"id": "12485d26-6e69-102c-9a8a-0030485841f8", "name": "gram", "abbreviation": "g", "plural": "grams", "pluralAbbreviation": "grams", "decimal": true}}, {"attribute": "CU", "description": "Copper, Cu", "value": 0.0, "unit": {"id": "12485d26-6e69-102c-9a8a-0030485841f8", "name": "gram", "abbreviation": "g", "plural": "grams", "pluralAbbreviation": "grams", "decimal": true}}, {"attribute": "CHOLE", "description": "Cholesterol", "value": 0.12, "unit": {"id": "12485d26-6e69-102c-9a8a-0030485841f8", "name": "gram", "abbreviation": "g", "plural": "grams", "pluralAbbreviation": "grams", "decimal": true}}, {"attribute": "LUT+ZEA", "description": "Lutein + zeaxanthin", "value": 0.0, "unit": {"id": "12485d26-6e69-102c-9a8a-0030485841f8", "name": "gram", "abbreviation": "g", "plural": "grams", "pluralAbbreviation": "grams", "decimal": true}}, {"attribute": "LYCPN", "description": "Lycopene", "value": 0.0, "unit": {"id": "12485d26-6e69-102c-9a8a-0030485841f8", "name": "gram", "abbreviation": "g", "plural": "grams", "pluralAbbreviation": "grams", "decimal": true}}, {"attribute": "LEU_G", "description": "Leucine", "value": 1.13, "unit": {"id": "12485d26-6e69-102c-9a8a-0030485841f8", "name": "gram", "abbreviation": "g", "plural": "grams", "pluralAbbreviation": "grams", "decimal": true}}, {"attribute": "F18D0", "description": "18:0", "value": 5.44, "unit": {"id": "12485d26-6e69-102c-9a8a-0030485841f8", "name": "gram", "abbreviation": "g", "plural": "grams", "pluralAbbreviation": "grams", "decimal": true}}, {"attribute": "VITK", "description": "Vitamin K (phylloquinone)", "value": 0.0, "unit": {"id": "12485d26-6e69-102c-9a8a-0030485841f8", "name": "gram", "abbreviation": "g", "plural": "grams", "pluralAbbreviation": "grams", "decimal": true}}, {"attribute": "FOL", "description": "Folate, total", "value": 0.0, "unit": {"id": "12485d26-6e69-102c-9a8a-0030485841f8", "name": "gram", "abbreviation": "g", "plural": "grams", "pluralAbbreviation": "grams", "decimal": true}}, {"attribute": "CHOCDF", "description": "Carbohydrate, by difference", "value": 7.2, "unit": {"id": "12485d26-6e69-102c-9a8a-0030485841f8", "name": "gram", "abbreviation": "g", "plural": "grams", "pluralAbbreviation": "grams", "decimal": true}}, {"attribute": "PHE_G", "description": "Phenylalanine", "value": 0.0, "unit": {"id": "12485d26-6e69-102c-9a8a-0030485841f8", "name": "gram", "abbreviation": "g", "plural": "grams", "pluralAbbreviation": "grams", "decimal": true}}, {"attribute": "PROCNT", "description": "Protein", "value": 18.92, "unit": {"id": "12485d26-6e69-102c-9a8a-0030485841f8", "name": "gram", "abbreviation": "g", "plural": "grams", "pluralAbbreviation": "grams", "decimal": true}}, {"attribute": "FIBTG", "description": "Fiber, total dietary", "value": 0.5, "unit": {"id": "12485d26-6e69-102c-9a8a-0030485841f8", "name": "gram", "abbreviation": "g", "plural": "grams", "pluralAbbreviation": "grams", "decimal": true}}, {"attribute": "SE", "description": "Selenium, Se", "value": 0.0, "unit": {"id": "12485d26-6e69-102c-9a8a-0030485841f8", "name": "gram", "abbreviation": "g", "plural": "grams", "pluralAbbreviation": "grams", "decimal": true}}, {"attribute": "ASH", "description": "Ash", "value": 5.12, "unit": {"id": "12485d26-6e69-102c-9a8a-0030485841f8", "name": "gram", "abbreviation": "g", "plural": "grams", "pluralAbbreviation": "grams", "decimal": true}}, {"attribute": "GLY_G", "description": "Glycine", "value": 1.13, "unit": {"id": "12485d26-6e69-102c-9a8a-0030485841f8", "name": "gram", "abbreviation": "g", "plural": "grams", "pluralAbbreviation": "grams", "decimal": true}}, {"attribute": "FAMS", "description": "Fatty acids, total monounsaturated", "value": 18.6, "unit": {"id": "12485d26-6e69-102c-9a8a-0030485841f8", "name": "gram", "abbreviation": "g", "plural": "grams", "pluralAbbreviation": "grams", "decimal": true}}, {"attribute": "SUGAR", "description": "Sugars, total", "value": 0.84, "unit": {"id": "12485d26-6e69-102c-9a8a-0030485841f8", "name": "gram", "abbreviation": "g", "plural": "grams", "pluralAbbreviation": "grams", "decimal": true}}, {"attribute": "RETOL", "description": "Retinol", "value": 0.0, "unit": {"id": "12485d26-6e69-102c-9a8a-0030485841f8", "name": "gram", "abbreviation": "g", "plural": "grams", "pluralAbbreviation": "grams", "decimal": true}}, {"attribute": "WATER", "description": "Water", "value": 150.05, "unit": {"id": "12485d26-6e69-102c-9a8a-0030485841f8", "name": "gram", "abbreviation": "g", "plural": "grams", "pluralAbbreviation": "grams", "decimal": true}}, {"attribute": "TOCPHA", "description": "Vitamin E (alpha-tocopherol)", "value": 0.0, "unit": {"id": "12485d26-6e69-102c-9a8a-0030485841f8", "name": "gram", "abbreviation": "g", "plural": "grams", "pluralAbbreviation": "grams", "decimal": true}}, {"attribute": "FRUS", "description": "Fructose", "value": 0.2, "unit": {"id": "12485d26-6e69-102c-9a8a-0030485841f8", "name": "gram", "abbreviation": "g", "plural": "grams", "pluralAbbreviation": "grams", "decimal": true}}, {"attribute": "ASP_G", "description": "Aspartic acid", "value": 1.13, "unit": {"id": "12485d26-6e69-102c-9a8a-0030485841f8", "name": "gram", "abbreviation": "g", "plural": "grams", "pluralAbbreviation": "grams", "decimal": true}}, {"attribute": "VITB6A", "description": "Vitamin B-6", "value": 0.0, "unit": {"id": "12485d26-6e69-102c-9a8a-0030485841f8", "name": "gram", "abbreviation": "g", "plural": "grams", "pluralAbbreviation": "grams", "decimal": true}}, {"attribute": "ENERC_KJ", "description": "Energy", "value": 2182.4, "unit": {"id": "fea252f8-9888-4365-b005-e2c63ed3a776", "name": "calorie", "abbreviation": "kcal", "plural": "calories", "pluralAbbreviation": "kcal", "decimal": true}}, {"attribute": "FE", "description": "Iron, Fe", "value": 0.0, "unit": {"id": "12485d26-6e69-102c-9a8a-0030485841f8", "name": "gram", "abbreviation": "g", "plural": "grams", "pluralAbbreviation": "grams", "decimal": true}}, {"attribute": "FOLFD", "description": "Folate, food", "value": 0.0, "unit": {"id": "12485d26-6e69-102c-9a8a-0030485841f8", "name": "gram", "abbreviation": "g", "plural": "grams", "pluralAbbreviation": "grams", "decimal": true}}, {"attribute": "ALA_G", "description": "Alanine", "value": 1.13, "unit": {"id": "12485d26-6e69-102c-9a8a-0030485841f8", "name": "gram", "abbreviation": "g", "plural": "grams", "pluralAbbreviation": "grams", "decimal": true}}, {"attribute": "F16D1", "description": "16:1 undifferentiated", "value": 1.13, "unit": {"id": "12485d26-6e69-102c-9a8a-0030485841f8", "name": "gram", "abbreviation": "g", "plural": "grams", "pluralAbbreviation": "grams", "decimal": true}}, {"attribute": "ARG_G", "description": "Arginine", "value": 1.15, "unit": {"id": "12485d26-6e69-102c-9a8a-0030485841f8", "name": "gram", "abbreviation": "g", "plural": "grams", "pluralAbbreviation": "grams", "decimal": true}}, {"attribute": "GLUS", "description": "Glucose (dextrose)", "value": 0.4, "unit": {"id": "12485d26-6e69-102c-9a8a-0030485841f8", "name": "gram", "abbreviation": "g", "plural": "grams", "pluralAbbreviation": "grams", "decimal": true}}, {"attribute": "MN", "description": "Manganese, Mn", "value": 0.0, "unit": {"id": "12485d26-6e69-102c-9a8a-0030485841f8", "name": "gram", "abbreviation": "g", "plural": "grams", "pluralAbbreviation": "grams", "decimal": true}}, {"attribute": "THIA", "description": "Thiamin", "value": 0.0, "unit": {"id": "12485d26-6e69-102c-9a8a-0030485841f8", "name": "gram", "abbreviation": "g", "plural": "grams", "pluralAbbreviation": "grams", "decimal": true}}, {"attribute": "FOLDFE", "description": "Folate, DFE", "value": 15.96, "unit": {"id": "4d783ee4-aa07-4958-84bf-3f4b528049dc", "name": "mcg_DFE", "abbreviation": "mcg_DFE", "plural": "mcg_DFE", "pluralAbbreviation": "mcg_DFE", "decimal": false}}, {"attribute": "FASAT", "description": "Fatty acids, total saturated", "value": 18.83, "unit": {"id": "12485d26-6e69-102c-9a8a-0030485841f8", "name": "gram", "abbreviation": "g", "plural": "grams", "pluralAbbreviation": "grams", "decimal": true}}, {"attribute": "VAL_G", "description": "Valine", "value": 1.13, "unit": {"id": "12485d26-6e69-102c-9a8a-0030485841f8", "name": "gram", "abbreviation": "g", "plural": "grams", "pluralAbbreviation": "grams", "decimal": true}}, {"attribute": "PHYSTR", "description": "Phytosterols", "value": 0.0, "unit": {"id": "12485d26-6e69-102c-9a8a-0030485841f8", "name": "gram", "abbreviation": "g", "plural": "grams", "pluralAbbreviation": "grams", "decimal": true}}, {"attribute": "FLD", "description": "Fluoride, F", "value": 0.0, "unit": {"id": "12485d26-6e69-102c-9a8a-0030485841f8", "name": "gram", "abbreviation": "g", "plural": "grams", "pluralAbbreviation": "grams", "decimal": true}}, {"attribute": "K", "description": "Potassium, K", "value": 0.45, "unit": {"id": "12485d26-6e69-102c-9a8a-0030485841f8", "name": "gram", "abbreviation": "g", "plural": "grams", "pluralAbbreviation": "grams", "decimal": true}}, {"attribute": "NA", "description": "Sodium, Na", "value": 1.16, "unit": {"id": "12485d26-6e69-102c-9a8a-0030485841f8", "name": "gram", "abbreviation": "g", "plural": "grams", "pluralAbbreviation": "grams", "decimal": true}}, {"attribute": "ZN", "description": "Zinc, Zn", "value": 0.0, "unit": {"id": "12485d26-6e69-102c-9a8a-0030485841f8", "name": "gram", "abbreviation": "g", "plural": "grams", "pluralAbbreviation": "grams", "decimal": true}}, {"attribute": "VITD-", "description": "Vitamin D", "value": 7.26, "unit": {"id": "ed46fe0c-44fe-4c1f-b3a8-880f92e30930", "name": "IU", "abbreviation": "IU", "plural": "IU", "pluralAbbreviation": "IU", "decimal": true}}, {"attribute": "PRO_G", "description": "Proline", "value": 1.13, "unit": {"id": "12485d26-6e69-102c-9a8a-0030485841f8", "name": "gram", "abbreviation": "g", "plural": "grams", "pluralAbbreviation": "grams", "decimal": true}}, {"attribute": "FAT", "description": "Total lipid (fat)", "value": 46.1, "unit": {"id": "12485d26-6e69-102c-9a8a-0030485841f8", "name": "gram", "abbreviation": "g", "plural": "grams", "pluralAbbreviation": "grams", "decimal": true}}, {"attribute": "RIBF", "description": "Riboflavin", "value": 0.0, "unit": {"id": "12485d26-6e69-102c-9a8a-0030485841f8", "name": "gram", "abbreviation": "g", "plural": "grams", "pluralAbbreviation": "grams", "decimal": true}}, {"attribute": "VITC", "description": "Vitamin C, total ascorbic acid", "value": 0.01, "unit": {"id": "12485d26-6e69-102c-9a8a-0030485841f8", "name": "gram", "abbreviation": "g", "plural": "grams", "pluralAbbreviation": "grams", "decimal": true}}, {"attribute": "ENERC_KCAL", "description": "Energy", "value": 521.35, "unit": {"id": "fea252f8-9888-4365-b005-e2c63ed3a776", "name": "calorie", "abbreviation": "kcal", "plural": "calories", "pluralAbbreviation": "kcal", "decimal": true}}, {"attribute": "VITA_IU", "description": "Vitamin A, IU", "value": 416.61, "unit": {"id": "ed46fe0c-44fe-4c1f-b3a8-880f92e30930", "name": "IU", "abbreviation": "IU", "plural": "IU", "pluralAbbreviation": "IU", "decimal": true}}, {"attribute": "ILE_G", "description": "Isoleucine", "value": 1.13, "unit": {"id": "12485d26-6e69-102c-9a8a-0030485841f8", "name": "gram", "abbreviation": "g", "plural": "grams", "pluralAbbreviation": "grams", "decimal": true}}, {"attribute": "SER_G", "description": "Serine", "value": 1.13, "unit": {"id": "12485d26-6e69-102c-9a8a-0030485841f8", "name": "gram", "abbreviation": "g", "plural": "grams", "pluralAbbreviation": "grams", "decimal": true}}, {"attribute": "F18D3", "description": "18:3 undifferentiated", "value": 0.0, "unit": {"id": "12485d26-6e69-102c-9a8a-0030485841f8", "name": "gram", "abbreviation": "g", "plural": "grams", "pluralAbbreviation": "grams", "decimal": true}}, {"attribute": "LYS_G", "description": "Lysine", "value": 1.13, "unit": {"id": "12485d26-6e69-102c-9a8a-0030485841f8", "name": "gram", "abbreviation": "g", "plural": "grams", "pluralAbbreviation": "grams", "decimal": true}}, {"attribute": "CARTB", "description": "Carotene, beta", "value": 0.0, "unit": {"id": "12485d26-6e69-102c-9a8a-0030485841f8", "name": "gram", "abbreviation": "g", "plural": "grams", "pluralAbbreviation": "grams", "decimal": true}}], "totalTime": "50 min", "images": [{"hostedSmallUrl": "http://lh5.ggpht.com/w1UDWPgY969Mjk7Losj8r8gYFokBabM9zUsi5_SnjTnmzrFcsmISqD9Jon4VnBp-sS8DfEJkvFCBTPDzQw0Sjj8=s90", "hostedMediumUrl": "http://lh5.ggpht.com/w1UDWPgY969Mjk7Losj8r8gYFokBabM9zUsi5_SnjTnmzrFcsmISqD9Jon4VnBp-sS8DfEJkvFCBTPDzQw0Sjj8=s180", "hostedLargeUrl": "http://lh5.ggpht.com/w1UDWPgY969Mjk7Losj8r8gYFokBabM9zUsi5_SnjTnmzrFcsmISqD9Jon4VnBp-sS8DfEJkvFCBTPDzQw0Sjj8=s360", "imageUrlsBySize": {"90": "http://lh5.ggpht.com/cOBlXxQjPZkl9HC_p1YKQN1pqxZwfgAzYfY4VLthHBL-YJ8rDDDBVF_WbF6RmAsR1MVOJJXtTHZnSUeZTqBfwyU=s90-c", "360": "http://lh5.ggpht.com/cOBlXxQjPZkl9HC_p1YKQN1pqxZwfgAzYfY4VLthHBL-YJ8rDDDBVF_WbF6RmAsR1MVOJJXtTHZnSUeZTqBfwyU=s360-c"}}], "name": "Italian Sausage with Bowties", "source": {"sourceDisplayName": "Eat at Home", "sourceSiteUrl": "http://eatathomecooks.com", "sourceRecipeUrl": "http://eatathomecooks.com/2009/02/italian-sausage-with-bowties.html"}, "id": "Italian-sausage-with-bowties-364936", "ingredientLines": ["1 lb. bulk Italian sausage", "1 box bowtie pasta", "2 cans Italian style stewed tomatoes, drained and chopped", "1/2 cup chopped onion", "2 cloves of garlic", "1/2 tsp. crushed red pepper flakes", "1/2 tsp. salt", "1/4 tsp. dried basil", "1 1/2 cups half & half (or heavy whipping cream)"], "attribution": {"html": "<a href='http://www.yummly.co/recipe/Italian-sausage-with-bowties-364936'>Italian Sausage with Bowties recipe</a> information powered by <img alt='Yummly' src='https://static.yummly.co/api-logo.png'/>", "url": "http://www.yummly.co/recipe/Italian-sausage-with-bowties-364936", "text": "Italian Sausage with Bowties recipes: information powered by Yummly", "logo": "https://static.yummly.co/api-logo.png"}, "numberOfServings": 4, "totalTimeInSeconds": 3000, "attributes": {"course": ["Main Dishes"], "cuisine": ["Italian"]}, "flavors": {}, "rating": 4}