{"yield": "4", "nutritionEstimates": [], "totalTime": "30 min", "images": [{"hostedSmallUrl": "http://lh6.ggpht.com/S4FCWVDgm4PxipTmyo5WOPXABV1lAgzNI379KTo6vbRZgSbjCHmeDYsz72OhX1yTDLmC4ex1rGVRe7iZEek0Ew=s90", "hostedMediumUrl": "http://lh6.ggpht.com/S4FCWVDgm4PxipTmyo5WOPXABV1lAgzNI379KTo6vbRZgSbjCHmeDYsz72OhX1yTDLmC4ex1rGVRe7iZEek0Ew=s180", "hostedLargeUrl": "http://lh6.ggpht.com/S4FCWVDgm4PxipTmyo5WOPXABV1lAgzNI379KTo6vbRZgSbjCHmeDYsz72OhX1yTDLmC4ex1rGVRe7iZEek0Ew=s360", "imageUrlsBySize": {"90": "http://lh3.ggpht.com/Hne9JAIebyT6nzdYlTmlCgeuRd5jB0saWe7b4dgJg1rC5v2tJ9Mv0RuBvvq9qmA4N_TSS6LUt2nw3gltDNxi=s90-c", "360": "http://lh3.ggpht.com/Hne9JAIebyT6nzdYlTmlCgeuRd5jB0saWe7b4dgJg1rC5v2tJ9Mv0RuBvvq9qmA4N_TSS6LUt2nw3gltDNxi=s360-c"}}], "name": "Italian Baked Tilapia", "source": {"sourceDisplayName": "Unilever North America", "sourceSiteUrl": "http://www.yummly.com/unilever", "sourceRecipeUrl": "http://www.yummly.co/recipe/Italian-baked-tilapia-303411"}, "id": "Italian-baked-tilapia-303411", "ingredientLines": ["4 tilapia fillets (about 1-1/2 lbs.)", "2 cups Italian seasoned croutons, crushed", "1/4 cup Wish-Bone\u00ae Italian Dressing", "1/4 cup Hellmann's\u00ae or Best Foods\u00ae Real Mayonnaise", "1 small tomato, seeded and diced"], "attribution": {"html": "<a href='http://www.yummly.co/recipe/Italian-baked-tilapia-303411'>Italian Baked Tilapia recipe</a> information powered by <img alt='Yummly' src='https://static.yummly.co/api-logo.png'/>", "url": "http://www.yummly.co/recipe/Italian-baked-tilapia-303411", "text": "Italian Baked Tilapia recipes: information powered by Yummly", "logo": "https://static.yummly.co/api-logo.png"}, "numberOfServings": 4, "totalTimeInSeconds": 1800, "attributes": {"course": ["Main Dishes"], "cuisine": ["Italian"]}, "flavors": {}, "rating": 4}